i,side,reason,confluence,agreement,taken,quality,dist_atr
200,-1,bounce_resistance,0.222,partial,True,84.45,0.06946606643714474
214,-1,bounce_resistance,0.222,partial,True,81.64,0.366608994791945
233,1,bounce_support,-0.222,conflict,True,92.52,0.3898469638556044
244,-1,bounce_resistance,0.222,partial,True,94.22,0.38238601081578144
284,1,bounce_support,-0.222,conflict,True,83.11,0.14237305175569895
288,1,bounce_support,-0.222,conflict,True,98.76,0.25285104000405023
327,1,bounce_support,0.222,partial,True,97.33,0.2372503047608945
354,1,bounce_support,0.222,partial,True,99.53,0.1087386030117358
375,1,bounce_support,0.222,partial,True,97.95,0.4095065354177692
388,1,bounce_support,0.222,partial,True,98.97,0.4627896354406748
412,-1,bounce_resistance,0.0,none,True,84.3,0.2958703027263718
442,1,bounce_support,0.222,partial,True,75.16,0.39367948343888964
509,1,bounce_support,0.222,partial,True,85.47,0.4694485489800176
539,1,bounce_support,0.222,partial,True,90.86,0.4717661908876476
556,1,bounce_support,0.222,partial,True,97.79,0.4675720846015377
596,1,bounce_support,0.222,partial,True,86.95,0.317637094887888
647,1,bounce_support,0.222,partial,True,95.92,0.4852396866442056
675,-1,bounce_resistance,-0.222,conflict,True,81.77,0.45671378570775767
694,1,bounce_support,0.222,partial,True,84.14,0.1322633415378815
758,1,bounce_support,0.222,partial,True,97.22,0.2953180560019071
793,1,bounce_support,0.222,partial,True,85.17,0.3179227332410773
808,1,bounce_support,0.556,partial,True,90.06,0.0661382872707192
836,1,bounce_support,0.556,partial,True,95.07,0.473057436440864
850,1,bounce_support,0.556,partial,True,94.3,0.061565713559680296
883,-1,bounce_resistance,-0.556,conflict,True,87.59,0.3682475183077461
931,-1,bounce_resistance,-0.556,conflict,True,94.48,0.4515377276224889
989,1,bounce_support,0.556,partial,True,95.23,0.12215486176276669
991,1,bounce_support,0.556,partial,True,81.39,0.4403699284211535
1004,1,bounce_support,0.556,partial,True,83.15,0.4326379858309204
1063,1,bounce_support,0.556,partial,True,85.26,0.043428718440517045
1070,1,bounce_support,0.556,partial,True,92.25,0.49958367098167955
1171,1,bounce_support,0.556,partial,True,84.16,0.2010923340013794
1202,-1,bounce_resistance,-0.556,conflict,True,84.04,0.4765541858135853
1288,-1,bounce_resistance,-0.111,conflict,True,95.13,0.11615734543312622
1315,1,bounce_support,0.111,partial,True,85.72,0.14437732973135473
1341,-1,bounce_resistance,-0.111,conflict,True,74.97,0.2404927016712684
1346,-1,bounce_resistance,-0.111,conflict,True,82.44,0.446466514511389
1381,1,bounce_support,0.111,partial,True,72.34,0.3344084172617374
1385,1,bounce_support,0.111,partial,True,85.06,0.3546819604457438
1396,1,bounce_support,0.111,partial,True,87.42,0.3801030596025272
1401,1,bounce_support,0.111,partial,True,88.4,0.27156646231022835
1436,-1,bounce_resistance,-0.111,conflict,True,95.48,0.3697956142514088
1459,-1,bounce_resistance,-0.111,conflict,True,83.13,0.3240171282591421
1476,-1,bounce_resistance,-0.111,conflict,True,83.3,0.07878971091123965
1493,-1,bounce_resistance,-0.111,conflict,True,90.35,0.05184497688782759
1535,-1,bounce_resistance,-0.111,conflict,True,84.45,0.3565857025349385
1640,-1,bounce_resistance,0.556,partial,True,86.12,0.34542435753290696
1706,-1,bounce_resistance,0.556,partial,True,84.68,0.23363794569138455
1825,1,bounce_support,-0.556,conflict,True,97.27,0.33503311713661504
1833,1,bounce_support,-0.556,conflict,True,85.03,0.038013857989879926
1861,1,bounce_support,-0.333,conflict,True,96.65,0.3800771467596408
1895,-1,bounce_resistance,0.333,partial,True,97.68,0.223314866439203
1910,1,bounce_support,-0.333,conflict,True,96.37,0.24097434117191094
1946,-1,bounce_resistance,0.556,partial,True,85.34,0.23981835525349346
1960,-1,bounce_resistance,0.556,partial,True,96.68,0.39361331082034673
1986,-1,bounce_resistance,0.556,partial,True,98.34,0.07376316818146164
2011,-1,bounce_resistance,0.556,partial,True,97.66,0.39493916866354506
2034,1,bounce_support,-0.556,conflict,True,91.1,0.21823968872324795
2074,-1,bounce_resistance,0.333,partial,True,78.86,0.43956462741422375
2099,-1,bounce_resistance,0.556,partial,True,83.2,0.14851729743722708
2136,-1,bounce_resistance,0.556,partial,True,84.3,0.4632372201176664
2162,1,bounce_support,-0.556,conflict,True,96.32,0.10661008141606752
2219,1,bounce_support,-0.556,conflict,True,85.1,0.3212066029851633
2258,1,bounce_support,-0.111,conflict,True,85.41,0.33933825043053106
2305,1,bounce_support,-0.111,conflict,True,85.82,0.46814663470090057
2387,1,bounce_support,0.556,partial,True,92.27,0.04380184378400205
2431,1,bounce_support,0.556,partial,True,91.17,0.3773818264966859
2444,1,bounce_support,0.556,partial,True,92.15,0.1957241100372207
2459,1,bounce_support,0.556,partial,True,95.03,0.42130593828039803
2476,1,bounce_support,0.556,partial,True,96.74,0.2337917166315368
2493,1,bounce_support,0.556,partial,True,93.72,0.4958575217238207
2573,-1,bounce_resistance,-0.556,conflict,True,83.98,0.368760306672374
2608,-1,bounce_resistance,-0.333,conflict,True,95.57,0.09820267995255834
2664,-1,bounce_resistance,-0.333,conflict,True,95.63,0.3755160640835854
2715,1,bounce_support,0.556,partial,True,69.64,0.30552279085184786
2732,1,bounce_support,0.556,partial,True,94.24,0.15777700866403896
2755,-1,bounce_resistance,-0.556,conflict,True,78.9,0.26268050150503175
2756,-1,bounce_resistance,-0.556,conflict,True,82.07,0.39926830762991283
2783,-1,bounce_resistance,-0.556,conflict,True,84.97,0.08367318554676108
2804,1,bounce_support,0.556,partial,True,82.17,0.14794752338421413
2833,1,bounce_support,0.556,partial,True,82.86,0.13877579931262682
2879,1,bounce_support,0.556,partial,True,82.96,0.22299357059893157
2881,1,bounce_support,0.556,partial,True,79.79,0.22480100799881791
2917,-1,bounce_resistance,-0.556,conflict,True,81.13,0.33890945799547023
2941,-1,bounce_resistance,-0.111,conflict,True,85.75,0.3395037125668796
2973,-1,bounce_resistance,-0.111,conflict,True,87.56,0.31025210568847916
2982,1,bounce_support,0.111,partial,True,96.49,0.3250268043463906
2984,-1,bounce_resistance,-0.111,conflict,True,95.12,0.1297422567277046
3003,1,bounce_support,0.111,partial,True,95.54,0.3303468608228016
3038,1,bounce_support,0.111,partial,True,96.61,0.4058426351089038
3161,1,bounce_support,0.556,partial,True,75.77,0.45764999451828187
3198,-1,bounce_resistance,-0.111,conflict,True,85.49,0.29019507075853873
3219,-1,bounce_resistance,-0.111,conflict,True,94.26,0.42860855482444504
3265,1,bounce_support,0.333,partial,True,87.38,0.1073000530012079
3300,1,bounce_support,0.556,partial,True,82.11,0.39401811618119803
3354,1,bounce_support,0.556,partial,True,71.76,0.1922282542401014
3418,1,bounce_support,0.556,partial,True,75.9,0.4495230970736301
3432,1,bounce_support,0.556,partial,True,95.98,0.0036825798118038772
3478,1,bounce_support,0.556,partial,True,91.0,0.4270277357951187
3510,-1,bounce_resistance,-0.556,conflict,True,81.6,0.3803418855249002
3538,-1,bounce_resistance,-0.556,conflict,True,80.35,0.4322066066391288
3579,-1,bounce_resistance,-0.556,conflict,True,82.52,0.36789802004448413
3648,-1,bounce_resistance,-0.111,conflict,True,82.94,0.3911513255196206
3653,-1,bounce_resistance,-0.111,conflict,True,83.66,0.45408592984076396
3663,-1,bounce_resistance,-0.111,conflict,True,85.2,0.32619257393553064
3739,-1,bounce_resistance,-0.111,conflict,True,85.38,0.4964422183560961
3778,1,bounce_support,0.111,partial,True,75.17,0.4592022630314721
3839,-1,bounce_resistance,-0.111,conflict,True,97.94,0.39058307111222856
3850,-1,bounce_resistance,-0.111,conflict,True,96.82,0.36098633279634595
3887,-1,bounce_resistance,0.556,partial,True,95.45,0.19075767897190207
3911,-1,bounce_resistance,0.556,partial,True,98.96,0.4956332426858914
3969,-1,bounce_resistance,0.556,partial,True,77.76,0.26264762514585155
3973,-1,bounce_resistance,0.556,partial,True,78.62,0.4617098964607651
3992,-1,bounce_resistance,0.556,partial,True,86.09,0.2976424597902589
4066,1,bounce_support,-0.556,conflict,True,82.6,0.29592830145945276
4069,1,bounce_support,-0.556,conflict,True,66.97,0.39494284842966637
4075,1,bounce_support,-0.556,conflict,True,85.64,0.14699573461106416
4121,-1,bounce_resistance,0.556,partial,True,92.6,0.08377668961951508
4140,1,bounce_support,-0.556,conflict,True,81.89,0.4381527652575302
4164,-1,bounce_resistance,0.556,partial,True,83.3,0.06778621118848077
4184,-1,bounce_resistance,0.556,partial,True,84.13,0.3184579816975652
4224,-1,bounce_resistance,0.556,partial,True,80.6,0.47684413890250077
4244,-1,bounce_resistance,0.556,partial,True,82.91,0.47491107405558636
4266,1,bounce_support,-0.556,conflict,True,85.28,0.0067201292087342565
4289,1,bounce_support,-0.556,conflict,True,98.3,0.37920259749646823
4388,-1,bounce_resistance,0.556,partial,True,84.97,0.23107139711568572
4406,-1,bounce_resistance,0.556,partial,True,78.4,0.18121987889087332
4419,-1,bounce_resistance,0.556,partial,True,79.34,0.48630218156381205
4425,-1,bounce_resistance,0.556,partial,True,94.08,0.13354819136570145
4447,-1,bounce_resistance,0.556,partial,True,98.31,0.28750401204845527
4482,-1,bounce_resistance,0.556,partial,True,88.55,0.005165813714971888
4548,-1,bounce_resistance,0.556,partial,True,96.7,0.43598445400057717
4579,-1,bounce_resistance,0.556,partial,True,94.32,0.033743553525517174
4651,1,bounce_support,-0.556,conflict,True,78.21,0.21196507993326658
4670,1,bounce_support,-0.556,conflict,True,77.4,0.18070404916389704
4678,1,bounce_support,-0.556,conflict,True,75.05,0.3335286705390888
4681,1,bounce_support,-0.556,conflict,True,85.22,0.3584036184935414
4718,1,bounce_support,-0.111,conflict,True,83.84,0.4334685215155789
4747,-1,bounce_resistance,0.111,partial,True,96.33,0.1434644479046394
4785,1,bounce_support,-0.111,conflict,True,83.53,0.35011034041679984
4858,-1,bounce_resistance,1.0,full,True,94.91,0.2309298902542662
4863,-1,bounce_resistance,1.0,full,True,96.54,0.2652560580748512
4902,1,bounce_support,-0.556,conflict,True,86.95,0.28984352996256146
4969,1,bounce_support,-0.556,conflict,True,81.74,0.4542183708760911
4996,1,bounce_support,-0.556,conflict,True,82.25,0.4297908047677401
5009,-1,bounce_resistance,0.556,partial,True,84.55,0.38800249495663613
5022,1,bounce_support,-0.556,conflict,True,83.41,0.3119496112498654
5182,1,bounce_support,0.111,partial,True,79.29,0.15660977320638214
5200,1,bounce_support,0.111,partial,True,97.32,0.36273463442810705
5215,-1,bounce_resistance,-0.111,conflict,True,95.77,0.4483547925732519
5226,-1,bounce_resistance,-0.111,conflict,True,99.62,0.4474937223688834
5268,1,bounce_support,0.111,partial,True,70.01,0.47166895482504473
5269,1,bounce_support,0.111,partial,True,86.92,0.11466192468661004
5280,1,bounce_support,0.111,partial,True,97.59,0.29248109116003435
5350,1,bounce_support,0.111,partial,True,97.48,0.46054769321146016
5392,1,bounce_support,0.111,partial,True,82.87,0.4505920438996346
5395,1,bounce_support,0.111,partial,True,82.99,0.491404563956284
5402,1,bounce_support,0.111,partial,True,86.76,0.28750944598383615
5426,-1,bounce_resistance,-0.111,conflict,True,86.56,0.07110277821528545
5467,1,bounce_support,0.111,partial,True,81.37,0.4140515497220536
5497,-1,bounce_resistance,-0.111,conflict,True,78.86,0.01635144056470794
5517,-1,bounce_resistance,-0.111,conflict,True,78.92,0.3514449301089603
5521,-1,bounce_resistance,-0.111,conflict,True,86.54,0.21381680511965545
5555,1,bounce_support,0.111,partial,True,86.21,0.2998431069213992
5602,-1,bounce_resistance,-0.111,conflict,True,86.85,0.22686768462379797
5647,1,bounce_support,0.111,partial,True,68.25,0.3240904984599049
5666,1,bounce_support,0.111,partial,True,84.49,0.4491900078506953
5674,1,bounce_support,0.111,partial,True,86.1,0.11962478961874663
5695,-1,bounce_resistance,-0.111,conflict,True,98.02,0.2780586125358873
5721,1,bounce_support,0.111,partial,True,96.39,0.3406099381049681
5765,-1,bounce_resistance,-0.111,conflict,True,95.61,0.08967728467340653
5788,-1,bounce_resistance,-0.111,conflict,True,84.81,0.21777234380326252
5829,-1,bounce_resistance,0.333,partial,True,83.49,0.33880492713063015
5889,-1,bounce_resistance,0.333,partial,True,79.38,0.30422409008105733
5903,-1,bounce_resistance,0.333,partial,True,83.99,0.18625877780820813
5981,-1,bounce_resistance,0.333,partial,True,83.9,0.11271877833589357
5990,-1,bounce_resistance,0.667,partial,True,85.41,0.3053030511089432
6022,1,bounce_support,-1.0,conflict,True,86.35,0.18632648726270729
6113,1,bounce_support,-1.0,conflict,True,91.86,0.2108562930272673
6115,1,bounce_support,-1.0,conflict,True,94.61,0.43745924408697484
6162,-1,bounce_resistance,1.0,full,True,92.96,0.1516785217788224
6164,-1,bounce_resistance,1.0,full,True,94.48,0.4172261509893388
6188,-1,bounce_resistance,1.0,full,True,91.1,0.4955223709439505
6238,-1,bounce_resistance,1.0,full,True,90.0,0.49267531261954756
6296,1,bounce_support,-1.0,conflict,True,85.13,0.4236706179984146
6308,-1,bounce_resistance,1.0,full,True,94.29,0.2777523796507988
6369,1,bounce_support,-0.556,conflict,True,94.57,0.059110747526078936
6412,1,bounce_support,-0.556,conflict,True,84.86,0.06544771924123494
6456,1,bounce_support,-0.556,conflict,True,85.27,0.2784484030333216
6487,1,bounce_support,-0.556,conflict,True,96.72,0.17924821955668202
6588,1,bounce_support,0.111,partial,True,92.33,0.48970318853838823
6626,-1,bounce_resistance,-0.111,conflict,True,81.23,0.2612062114539446
6647,-1,bounce_resistance,-0.111,conflict,True,95.5,0.2892374126687622
6668,1,bounce_support,0.111,partial,True,71.32,0.3025487564859608
6691,1,bounce_support,0.111,partial,True,95.8,0.24806686461066904
6741,1,bounce_support,0.111,partial,True,93.83,0.4107685216605141
6755,1,bounce_support,0.111,partial,True,96.34,0.20924059074622023
6761,1,bounce_support,0.111,partial,True,96.13,0.24752720446535334
6806,-1,bounce_resistance,0.333,partial,True,82.72,0.2784421295479078
6826,-1,bounce_resistance,0.333,partial,True,83.12,0.2833496921644392
6859,-1,bounce_resistance,0.333,partial,True,95.54,0.45803599061194794
6909,-1,bounce_resistance,0.667,partial,True,90.95,0.028146956495178226
6952,-1,bounce_resistance,1.0,full,True,95.46,0.37879291619944
6960,-1,bounce_resistance,1.0,full,True,83.85,0.14168582570003938
7029,-1,bounce_resistance,1.0,full,True,96.47,0.46419167770960995
7092,-1,bounce_resistance,1.0,full,True,78.18,0.3563120263147638
7101,-1,bounce_resistance,1.0,full,True,84.04,0.1949631956030798
7127,-1,bounce_resistance,1.0,full,True,92.94,0.4008633258162508
7164,1,bounce_support,-1.0,conflict,True,80.44,0.36348774475455875
7173,1,bounce_support,-1.0,conflict,True,77.93,0.20748551507831778
7179,1,bounce_support,-1.0,conflict,True,85.3,0.4552362890999415
7246,1,bounce_support,-0.556,conflict,True,100.0,0.0235747501110775
7277,-1,bounce_resistance,0.556,partial,True,97.9,0.28002277359303224
7307,1,bounce_support,-0.556,conflict,True,86.94,0.45987984168934615
7312,1,bounce_support,-0.556,conflict,True,91.52,0.452434384196524
7381,-1,bounce_resistance,0.778,partial,True,98.12,0.16712930269805384
7416,1,bounce_support,-0.556,conflict,True,78.3,0.41799894962005885
7432,1,bounce_support,-0.556,conflict,True,87.59,0.21145991679305814
7439,1,bounce_support,-0.556,conflict,True,88.97,0.1049684922130214
7462,1,bounce_support,-0.556,conflict,True,88.01,0.14514718614719122
7553,-1,bounce_resistance,1.0,full,True,97.25,0.18657371193815178
7580,1,bounce_support,-0.778,conflict,True,94.16,0.09366429641836671
7596,1,bounce_support,-0.556,conflict,True,84.98,0.25421607989384276
7612,1,bounce_support,-0.556,conflict,True,98.14,0.1413683416291495
7627,-1,bounce_resistance,0.778,partial,True,85.41,0.4438124231826343
7630,-1,bounce_resistance,0.778,partial,True,90.17,0.3650519183467585
7663,1,bounce_support,-0.556,conflict,True,95.94,0.41511181360594607
7676,1,bounce_support,-0.556,conflict,True,95.48,0.3818077684295553
7739,-1,bounce_resistance,0.778,partial,True,80.55,0.25761569113022736
7746,-1,bounce_resistance,1.0,full,True,86.11,0.4513610810021421
7775,-1,bounce_resistance,1.0,full,True,95.45,0.2967554633654758
7812,1,bounce_support,-1.0,conflict,True,95.07,0.4886013310519057
7857,-1,bounce_resistance,1.0,full,True,88.55,0.09013833433562256
7872,-1,bounce_resistance,1.0,full,True,86.56,0.08397666906607541
7884,-1,bounce_resistance,1.0,full,True,86.54,0.11356415840827921
7918,-1,bounce_resistance,1.0,full,True,85.64,0.38882166402309243
7928,-1,bounce_resistance,1.0,full,True,80.79,0.38983588014671433
7962,-1,bounce_resistance,1.0,full,True,84.13,0.2987414687183955
7968,1,bounce_support,-1.0,conflict,True,93.99,0.3702371424841073
8002,1,bounce_support,-1.0,conflict,True,96.62,0.3149409755352766
8028,-1,bounce_resistance,1.0,full,True,87.66,0.034094260953550636
8055,-1,bounce_resistance,1.0,full,True,96.47,0.3858186093387459
8097,-1,bounce_resistance,1.0,full,True,92.88,0.17813738517911387
8102,-1,bounce_resistance,1.0,full,True,95.26,0.007491455647905073
8111,-1,bounce_resistance,1.0,full,True,94.18,0.315467324092431
8200,-1,bounce_resistance,1.0,full,True,90.96,0.07993004917923295
8222,-1,bounce_resistance,1.0,full,True,92.96,6.720512813044105e-05
8224,-1,bounce_resistance,1.0,full,True,92.59,0.39002424235331745
8253,1,bounce_support,-0.556,conflict,True,78.21,0.3304229221523422
8278,1,bounce_support,-0.556,conflict,True,75.76,0.11585068571682715
8313,-1,bounce_resistance,0.556,partial,True,83.41,0.4904966681606959
8322,-1,bounce_resistance,0.556,partial,True,87.28,0.08563762866101367
8338,-1,bounce_resistance,0.778,partial,True,82.72,0.3695969132446957
8342,-1,bounce_resistance,0.778,partial,True,95.59,0.3053501110466035
8379,-1,bounce_resistance,1.0,full,True,92.43,0.2614155173061789
8431,1,bounce_support,-0.778,conflict,True,96.88,0.21506571186968834
8437,1,bounce_support,-1.0,conflict,True,95.02,0.46977772814146657
8447,-1,bounce_resistance,1.0,full,True,83.31,0.4617920339603401
8471,-1,bounce_resistance,1.0,full,True,82.96,0.4728714380871782
8506,1,bounce_support,-1.0,conflict,True,80.66,0.44668049420124945
8536,-1,bounce_resistance,1.0,full,True,82.76,0.12726365064800532
8589,-1,bounce_resistance,1.0,full,True,82.35,0.19688321347381246
8633,-1,bounce_resistance,1.0,full,True,93.83,0.3905000081347993
8714,1,bounce_support,-0.778,conflict,True,77.13,0.31612271923249435
8715,1,bounce_support,-0.778,conflict,True,78.47,0.09869899460784679
8729,-1,bounce_resistance,1.0,full,True,75.26,0.2590232998695471
8773,1,bounce_support,-1.0,conflict,True,84.8,0.17938488613472853
8864,1,bounce_support,-0.556,conflict,True,79.17,0.3427725732347767
8881,1,bounce_support,-0.556,conflict,True,85.1,0.1742301269495726
8887,1,bounce_support,-0.556,conflict,True,97.83,0.29929241101814785
8891,1,bounce_support,-0.556,conflict,True,82.65,0.12822006528941934
8892,1,bounce_support,-0.556,conflict,True,82.39,0.05762809239174291
8913,1,bounce_support,-0.222,conflict,True,71.36,0.426622809705979
8979,1,bounce_support,0.111,partial,True,84.5,0.204232404807655
9003,-1,bounce_resistance,-0.111,conflict,True,81.07,0.26874950046923657
9027,-1,bounce_resistance,-0.111,conflict,True,80.05,0.09179590785914109
9031,-1,bounce_resistance,-0.111,conflict,True,70.66,0.06711818366628375
9041,-1,bounce_resistance,-0.111,conflict,True,92.23,0.3512133164893495
9092,-1,bounce_resistance,0.333,partial,True,87.36,0.31593763651522827
9175,-1,bounce_resistance,0.333,partial,True,98.81,0.3738541357514519
9215,1,bounce_support,0.111,partial,True,84.97,0.177140015649131
9240,1,bounce_support,0.111,partial,True,96.55,0.47844986745495616
9274,-1,bounce_resistance,-0.111,conflict,True,84.63,0.432821900603894
9282,-1,bounce_resistance,0.111,partial,True,86.32,0.18927825660046935
9327,1,bounce_support,0.111,partial,True,91.76,0.4293765363976653
9341,-1,bounce_resistance,-0.111,conflict,True,93.21,0.40926477774542597
9370,1,bounce_support,0.111,partial,True,83.28,0.34330843168990904
9387,1,bounce_support,0.111,partial,True,96.5,0.07585732216359152
9423,1,bounce_support,0.111,partial,True,92.44,0.483973247518755
9482,1,bounce_support,0.111,partial,True,85.37,0.49320724073604816
9541,1,bounce_support,0.111,partial,True,96.2,0.08642807112872543
9601,-1,bounce_resistance,-0.111,conflict,True,85.15,0.4500913651293449
9623,1,bounce_support,0.111,partial,True,83.38,0.4391562525570128
9699,-1,bounce_resistance,-0.111,conflict,True,93.05,0.18110082583502335
9711,-1,bounce_resistance,-0.111,conflict,True,96.34,0.11204335268736962
9794,1,bounce_support,-0.333,conflict,True,82.36,0.4815752587959611
9824,1,bounce_support,0.111,partial,True,86.49,0.45210448199773684
9960,-1,bounce_resistance,0.111,partial,True,86.38,0.035382686108877674
10021,-1,bounce_resistance,0.333,partial,True,86.83,0.1967881421041306
10064,1,bounce_support,0.111,partial,True,98.67,0.45396359167762124
10218,-1,bounce_resistance,0.333,partial,True,92.2,0.46246596048789207
10266,1,bounce_support,-0.333,conflict,True,86.04,0.46637153393197417
10280,1,bounce_support,0.111,partial,True,99.74,0.20891551067250283
10291,1,bounce_support,0.111,partial,True,99.14,0.2932532068009741
10369,-1,bounce_resistance,0.111,partial,True,96.77,0.41353771256011795
10370,-1,bounce_resistance,0.111,partial,True,97.34,0.2276893873686649
10380,-1,bounce_resistance,0.111,partial,True,98.59,0.49535787591025876
10463,1,bounce_support,0.111,partial,True,86.65,0.384348433444951
10497,1,bounce_support,0.111,partial,True,96.47,0.3556693783132536
10517,1,bounce_support,0.111,partial,True,90.68,0.3797734458409904
10522,1,bounce_support,0.111,partial,True,94.2,0.1689817990903479
10547,1,bounce_support,0.111,partial,True,95.67,0.12150593451836361
10552,1,bounce_support,0.111,partial,True,100.0,0.20599476684747148
10608,1,bounce_support,0.111,partial,True,96.55,0.13687168934565827
10609,1,bounce_support,0.111,partial,True,100.0,0.16208881914871615
10613,1,bounce_support,0.111,partial,True,98.0,0.308389541331525
10655,1,bounce_support,0.556,partial,True,96.89,0.45076240932158973
10663,1,bounce_support,0.556,partial,True,95.81,0.41460181169449023
10669,1,bounce_support,0.556,partial,True,94.37,0.3297918428824717
10678,1,bounce_support,0.556,partial,True,99.64,0.010260097775565098
10686,1,bounce_support,0.556,partial,True,97.08,0.044537092875669204
10711,1,bounce_support,0.556,partial,True,98.2,0.3404103572368576
10732,1,bounce_support,0.556,partial,True,85.9,0.36977100067585555
10764,1,bounce_support,1.0,full,True,87.12,0.0484782578439799
10787,-1,bounce_resistance,-1.0,conflict,True,90.41,0.1671109601789733
10871,-1,bounce_resistance,-0.556,conflict,True,86.57,0.3577964199841291
10885,-1,bounce_resistance,-0.556,conflict,True,86.21,0.4657640294863793
10941,-1,bounce_resistance,-0.556,conflict,True,98.65,0.43044224983280416
10997,-1,bounce_resistance,0.111,partial,True,87.03,0.011845283166926077
11020,-1,bounce_resistance,0.111,partial,True,98.66,0.20790376632177548
11055,-1,bounce_resistance,0.556,partial,True,97.37,0.29552872285384174
11118,-1,bounce_resistance,0.556,partial,True,89.42,0.4020503388735535
11128,-1,bounce_resistance,0.556,partial,True,94.76,0.3389278408393045
11152,-1,bounce_resistance,0.556,partial,True,91.64,0.4405354794029409
11193,1,bounce_support,-0.556,conflict,True,74.14,0.20275791963644452
11245,1,bounce_support,-0.111,conflict,True,99.17,0.3296062589671662
11299,1,bounce_support,-0.111,conflict,True,80.31,0.4146076404395306
11302,1,bounce_support,-0.111,conflict,True,85.72,0.12761610696621184
11308,1,bounce_support,-0.111,conflict,True,89.73,0.39639557758092114
11399,1,bounce_support,-0.556,conflict,True,95.38,0.39166392237734865
11450,-1,bounce_resistance,0.778,partial,True,83.65,0.4471318976284631
11480,1,bounce_support,-0.778,conflict,True,83.4,0.4390386613483527
11555,-1,bounce_resistance,1.0,full,True,83.12,0.37231638711577536
11578,1,bounce_support,-1.0,conflict,True,83.79,0.24138121040364122
11611,-1,bounce_resistance,1.0,full,True,95.13,0.07764280622402185
11622,1,bounce_support,-1.0,conflict,True,92.82,0.026948843779550636
11629,1,bounce_support,-1.0,conflict,True,92.43,0.18073343147974957
11686,-1,bounce_resistance,1.0,full,True,96.29,0.14896436019144785
11722,-1,bounce_resistance,1.0,full,True,93.32,0.31193663101590535
11791,-1,bounce_resistance,1.0,full,True,86.14,0.29266393980150296
11805,1,bounce_support,-1.0,conflict,True,94.19,0.22339093874738894
11839,1,bounce_support,-0.556,conflict,True,83.24,0.15318539182343352
11854,1,bounce_support,-0.556,conflict,True,83.65,0.0028441378524949237
11890,-1,bounce_resistance,1.0,full,True,82.12,0.4952651957786911
11947,1,bounce_support,-1.0,conflict,True,85.06,0.11967756090056021
11962,-1,bounce_resistance,1.0,full,True,85.8,0.33483474082640086
11986,1,bounce_support,-1.0,conflict,True,82.33,0.26953523720403605
12000,1,bounce_support,-0.556,conflict,True,69.35,0.26131748675223854
12011,1,bounce_support,-0.556,conflict,True,74.28,0.358515453966907
12034,1,bounce_support,-0.556,conflict,True,91.25,0.3138259236905822
12076,1,bounce_support,-0.556,conflict,True,89.66,0.2668796121184175
12163,-1,bounce_resistance,0.556,partial,True,97.38,0.3727138531341718
12184,1,bounce_support,-0.556,conflict,True,90.01,0.31006798206351255
12192,1,bounce_support,-0.556,conflict,True,96.4,0.12027783776846891
12215,1,bounce_support,-0.556,conflict,True,96.96,0.30443971808688014
12269,1,bounce_support,-0.222,conflict,True,77.2,0.4779019701864111
12287,1,bounce_support,0.111,partial,True,86.97,0.29612071081613767
12351,1,bounce_support,0.111,partial,True,96.35,0.3729914515472255
12395,1,bounce_support,0.111,partial,True,94.63,0.3311591683028755
12441,-1,bounce_resistance,-0.111,conflict,True,83.92,0.2702674797966303
12451,-1,bounce_resistance,-0.111,conflict,True,98.19,0.2787173305049282
12565,1,bounce_support,-0.333,conflict,True,96.57,0.3577310186583411
12590,-1,bounce_resistance,0.333,partial,True,97.16,0.03905456547965811
12639,-1,bounce_resistance,0.333,partial,True,96.49,0.013712955397041628
12675,-1,bounce_resistance,0.333,partial,True,94.69,0.28006939986533014
12739,-1,bounce_resistance,-0.111,conflict,True,89.81,0.1661923323244475
12774,-1,bounce_resistance,0.333,partial,True,96.52,0.0411106658441265
12788,-1,bounce_resistance,0.333,partial,True,94.61,0.37088238285842207
12824,1,bounce_support,0.111,partial,True,78.46,0.48222398384530696
12857,-1,bounce_resistance,-0.111,conflict,True,72.1,0.30643560852244744
12895,1,bounce_support,0.111,partial,True,96.46,0.4652774257466618
12956,-1,bounce_resistance,0.333,partial,True,85.8,0.3508191125240378
13008,-1,bounce_resistance,0.667,partial,True,95.47,0.47435992706153174
13037,-1,bounce_resistance,0.667,partial,True,98.09,0.17713368919627467
13113,-1,bounce_resistance,1.0,full,True,84.47,0.19562628764962395
13140,-1,bounce_resistance,1.0,full,True,85.11,0.18333703768364823
13185,-1,bounce_resistance,1.0,full,True,94.0,0.43897592484336634
13229,1,bounce_support,-0.778,conflict,True,87.62,0.29104558417405174
13266,1,bounce_support,-0.556,conflict,True,99.84,0.25767844818071395
13314,1,bounce_support,-0.556,conflict,True,91.25,0.4076454629352342
13335,-1,bounce_resistance,0.556,partial,True,95.84,0.30379728582527077
13348,-1,bounce_resistance,0.556,partial,True,87.25,0.2284680020916363
13419,-1,bounce_resistance,1.0,full,True,76.56,0.40703719374052316
13478,-1,bounce_resistance,1.0,full,True,97.4,0.29285823238386477
13506,1,bounce_support,-1.0,conflict,True,94.74,0.33217898649688066
13515,1,bounce_support,-1.0,conflict,True,88.55,0.3394770101816143
13556,1,bounce_support,-0.556,conflict,True,84.91,0.38009017222161684
13592,-1,bounce_resistance,0.556,partial,True,69.91,0.33702796183932066
13595,-1,bounce_resistance,0.556,partial,True,83.37,0.3380610495977986
13643,-1,bounce_resistance,1.0,full,True,86.35,0.25184796776671203
13657,1,bounce_support,-0.556,conflict,True,85.05,0.27731621358793246
13672,1,bounce_support,-0.556,conflict,True,84.76,0.4857908908978662
13704,-1,bounce_resistance,0.556,partial,True,91.94,0.08231864362805842
13725,1,bounce_support,-0.556,conflict,True,99.0,0.319086733531197
13772,1,bounce_support,-0.222,conflict,True,98.57,0.39918629556535934
13829,-1,bounce_resistance,1.0,full,True,79.71,0.3793568743927798
13894,1,bounce_support,-1.0,conflict,True,76.04,0.1694110492929283
13912,1,bounce_support,-0.778,conflict,True,74.32,0.3368948547553461
13920,1,bounce_support,-0.556,conflict,True,94.91,0.12102352299905186
13956,1,bounce_support,-0.556,conflict,True,96.41,0.4708533426870254
13963,-1,bounce_resistance,0.556,partial,True,98.4,0.37665866038499585
14019,-1,bounce_resistance,1.0,full,True,96.84,0.22261533360631514
14067,-1,bounce_resistance,1.0,full,True,82.98,0.35925209894896926
14108,-1,bounce_resistance,1.0,full,True,86.63,0.2887798213690194
14146,-1,bounce_resistance,1.0,full,True,86.46,0.427341980808255
14191,-1,bounce_resistance,1.0,full,True,84.65,0.30682082292085366
14249,1,bounce_support,-1.0,conflict,True,88.25,0.2661119377224117
14284,-1,bounce_resistance,1.0,full,True,87.08,0.025921571531895244
14338,-1,bounce_resistance,1.0,full,True,97.6,0.31446191239346477
14358,-1,bounce_resistance,1.0,full,True,93.69,0.2897669148314603
14391,-1,bounce_resistance,1.0,full,True,94.48,0.05697942073814223
14395,-1,bounce_resistance,1.0,full,True,93.89,0.29899764662804484
14441,1,bounce_support,-1.0,conflict,True,86.05,0.4898457812101637
14463,1,bounce_support,-1.0,conflict,True,90.01,0.42830983082601864
14464,1,bounce_support,-1.0,conflict,True,90.1,0.38301658073074724
14499,-1,bounce_resistance,1.0,full,True,80.14,0.43135329535969763
14531,-1,bounce_resistance,1.0,full,True,83.22,0.33218173435397913
14540,-1,bounce_resistance,1.0,full,True,68.3,0.32426696274342015
14544,-1,bounce_resistance,1.0,full,True,90.89,0.23334606258285104
14584,1,bounce_support,-0.556,conflict,True,85.3,0.18749914373586954
14614,1,bounce_support,-0.556,conflict,True,96.88,0.41191005446899354
14671,1,bounce_support,-0.556,conflict,True,99.34,0.13101867027350655
14691,-1,bounce_resistance,0.556,partial,True,75.46,0.2224222268408278
14698,-1,bounce_resistance,0.556,partial,True,92.16,0.21050520084414823
14717,1,bounce_support,-0.556,conflict,True,85.51,0.30205677853225704
14727,1,bounce_support,-0.556,conflict,True,94.47,0.23435003831811782
14788,-1,bounce_resistance,0.556,partial,True,89.1,0.461525895998922
14817,-1,bounce_resistance,1.0,full,True,84.34,0.3385988737771933
14821,-1,bounce_resistance,1.0,full,True,87.17,0.4996736271532508
14829,-1,bounce_resistance,1.0,full,True,98.04,0.21700271090560808
14846,1,bounce_support,-1.0,conflict,True,82.36,0.31489986342147575
14889,-1,bounce_resistance,1.0,full,True,94.78,0.4170900399180501
14898,-1,bounce_resistance,1.0,full,True,95.45,0.48023869101703653
14954,-1,bounce_resistance,1.0,full,True,97.69,0.10034906845907181
15067,1,bounce_support,-0.556,conflict,True,78.02,0.3121470147396435
15084,1,bounce_support,-0.556,conflict,True,84.05,0.33399261014227605
15099,-1,bounce_resistance,0.556,partial,True,83.31,0.32323251801646513
15137,1,bounce_support,-0.222,conflict,True,83.78,0.23631339457312323
15139,1,bounce_support,-0.222,conflict,True,96.03,0.26617213756671626
15160,-1,bounce_resistance,0.222,partial,True,87.6,0.20209704922683933
15186,1,bounce_support,0.111,partial,True,73.27,0.4966815018524228
15211,1,bounce_support,0.111,partial,True,78.86,0.1074570516109227
15212,1,bounce_support,0.111,partial,True,82.8,0.47835772514496766
15227,1,bounce_support,0.111,partial,True,96.39,0.061775581711218115
15297,1,bounce_support,0.111,partial,True,85.24,0.422166434252509
15356,1,bounce_support,0.111,partial,True,86.42,0.11547461325114518
15361,1,bounce_support,0.111,partial,True,95.73,0.1854493377076515
15387,-1,bounce_resistance,-0.111,conflict,True,83.1,0.30400358836742963
15391,-1,bounce_resistance,-0.111,conflict,True,85.35,0.3297551884201912
15407,-1,bounce_resistance,-0.111,conflict,True,86.33,0.3119599086868869
15411,-1,bounce_resistance,-0.111,conflict,True,87.39,0.2880489434974087
15451,1,bounce_support,0.111,partial,True,85.62,0.14199414022934298
15456,1,bounce_support,0.111,partial,True,94.68,0.03647228523262727
15515,-1,bounce_resistance,-0.111,conflict,True,80.95,0.08853790308190755
15536,-1,bounce_resistance,0.333,partial,True,94.12,0.3503881902511638
15557,-1,bounce_resistance,0.333,partial,True,92.48,0.33642141286701305
15581,-1,bounce_resistance,0.333,partial,True,97.96,0.24836722712692452
15582,-1,bounce_resistance,0.333,partial,True,97.36,0.27564170451646025
15637,-1,bounce_resistance,0.333,partial,True,66.65,0.42492504161963646
15698,-1,bounce_resistance,0.333,partial,True,77.88,0.2133866475787018
15712,-1,bounce_resistance,1.0,full,True,85.34,0.40128001143793335
15717,-1,bounce_resistance,1.0,full,True,88.22,0.20753656664113168
15762,-1,bounce_resistance,1.0,full,True,95.47,0.03398055758318607
15808,-1,bounce_resistance,1.0,full,True,94.19,0.1856428558128043
15845,1,bounce_support,-1.0,conflict,True,71.33,0.3016658729697337
15904,-1,bounce_resistance,0.556,partial,True,98.35,0.40647188023418707
15962,-1,bounce_resistance,1.0,full,True,79.49,0.09258223047470815
15984,-1,bounce_resistance,1.0,full,True,88.97,0.19851731107310783
15987,-1,bounce_resistance,1.0,full,True,92.71,0.02055717609244932
15994,-1,bounce_resistance,1.0,full,True,98.69,0.46481558640212883
15996,-1,bounce_resistance,1.0,full,True,97.47,0.3610882586262378
16024,1,bounce_support,-0.778,conflict,True,84.97,0.48507244940741834
16058,-1,bounce_resistance,0.778,partial,True,84.94,0.1728476156752606
16081,1,bounce_support,-0.556,conflict,True,97.25,0.15326115967564494
16103,-1,bounce_resistance,0.778,partial,True,97.22,0.4426912499092093
16127,1,bounce_support,-0.556,conflict,True,79.19,0.36458113413847243
16192,1,bounce_support,-0.222,conflict,True,97.69,0.40305665632024396
16210,1,bounce_support,-0.222,conflict,True,95.07,0.45828174453149056
16256,1,bounce_support,0.111,partial,True,88.36,0.1853584381235042
16283,-1,bounce_resistance,-0.111,conflict,True,84.75,0.36297312049038066
16335,-1,bounce_resistance,0.333,partial,True,85.09,0.16273962398208897
16337,-1,bounce_resistance,0.333,partial,True,97.47,0.4157808112675941
16365,-1,bounce_resistance,0.333,partial,True,96.74,0.1251823705367132
16408,1,bounce_support,0.111,partial,True,84.16,0.2270905723497182
16494,-1,bounce_resistance,0.333,partial,True,78.59,0.09691332942618792
16540,-1,bounce_resistance,1.0,full,True,89.11,0.19183338158786672
16580,1,bounce_support,-1.0,conflict,True,67.91,0.0
16591,1,bounce_support,-1.0,conflict,True,84.03,0.481272684138042
16654,-1,bounce_resistance,1.0,full,True,99.85,0.1791858668107804
16684,1,bounce_support,-0.778,conflict,True,81.31,0.4364718739672743
16773,1,bounce_support,-0.222,conflict,True,94.93,0.49979703759876043
16871,1,bounce_support,0.111,partial,True,85.3,0.43246138008768875
16912,-1,bounce_resistance,-0.111,conflict,True,96.57,0.006575553754928045
16973,1,bounce_support,0.111,partial,True,97.84,0.43093183657235024
16977,1,bounce_support,0.111,partial,True,96.53,0.14023640761206052
17012,1,bounce_support,0.111,partial,True,98.5,0.12369840111109817
17081,1,bounce_support,0.111,partial,True,94.25,0.45083852729843493
17084,1,bounce_support,0.111,partial,True,94.48,0.10484969782382907
17136,-1,bounce_resistance,-0.111,conflict,True,91.73,0.12035366290529752
17146,1,bounce_support,0.111,partial,True,98.1,0.20227879531326015
17192,-1,bounce_resistance,0.333,partial,True,87.26,0.3130691010013077
17218,-1,bounce_resistance,0.667,partial,True,94.06,0.4103270328725521
17225,-1,bounce_resistance,0.667,partial,True,94.7,0.22822059749267695
17270,1,bounce_support,-0.333,conflict,True,85.5,0.383483387914081
17299,1,bounce_support,0.111,partial,True,97.42,0.01843981127816036
17336,-1,bounce_resistance,0.667,partial,True,84.87,0.08447574809195642
17347,-1,bounce_resistance,0.667,partial,True,96.16,0.2243929081706357
17360,1,bounce_support,-0.444,conflict,True,83.18,0.4578468559077416
17407,1,bounce_support,-0.222,conflict,True,93.13,0.38318731647425547
17430,1,bounce_support,0.111,partial,True,94.97,0.3729191004859776
17509,-1,bounce_resistance,0.667,partial,True,84.22,0.20967528569694704
17555,-1,bounce_resistance,1.0,full,True,96.9,0.02853190531034787
17606,-1,bounce_resistance,1.0,full,True,94.97,0.3759942450799158
17649,-1,bounce_resistance,1.0,full,True,96.55,0.3311236889482165
17671,-1,bounce_resistance,1.0,full,True,96.41,0.1701331426343062
17696,-1,bounce_resistance,1.0,full,True,92.12,0.11799905188029973
17700,-1,bounce_resistance,1.0,full,True,92.96,0.21466415424034682
17738,-1,bounce_resistance,1.0,full,True,96.37,0.029970004383361427
17809,-1,bounce_resistance,1.0,full,True,93.13,0.3033171961705979
17874,-1,bounce_resistance,1.0,full,True,86.63,0.3994501970592271
17928,-1,bounce_resistance,1.0,full,True,82.18,0.30092012986396366
17967,1,bounce_support,-1.0,conflict,True,78.65,0.42772974851254275
17984,-1,bounce_resistance,1.0,full,True,82.76,0.37821199970777014
18015,-1,bounce_resistance,1.0,full,True,95.6,0.21544623690818093
18046,1,bounce_support,-1.0,conflict,True,87.78,0.07191752117568094
18134,1,bounce_support,-0.556,conflict,True,86.99,0.3130016576830232
18145,1,bounce_support,-0.556,conflict,True,100.0,0.010217055486489131
18174,1,bounce_support,-0.556,conflict,True,99.25,0.14964556526575196
18185,1,bounce_support,-0.556,conflict,True,95.96,0.30813629374705653
18192,1,bounce_support,-0.556,conflict,True,96.99,0.42842502260108106
18235,1,bounce_support,-0.556,conflict,True,96.11,0.21708569706069297
18309,1,bounce_support,-0.556,conflict,True,93.54,0.4772741915180957
18317,1,bounce_support,-0.556,conflict,True,93.12,0.40454616565204227
18388,-1,bounce_resistance,-0.111,conflict,True,85.07,0.08208218417124193
18423,1,bounce_support,0.111,partial,True,92.97,0.36856254552206524
18436,1,bounce_support,0.111,partial,True,79.25,0.3870943729705317
18446,1,bounce_support,0.111,partial,True,83.28,0.008235494973578653
18476,-1,bounce_resistance,-0.111,conflict,True,85.4,0.16219763021886205
18492,-1,bounce_resistance,-0.111,conflict,True,97.63,0.4526104491774579
18511,1,bounce_support,0.111,partial,True,95.49,0.4684848287036976
18538,1,bounce_support,0.111,partial,True,96.26,0.0269921160848458
18577,1,bounce_support,0.111,partial,True,97.01,0.1886276206291786
18648,1,bounce_support,0.111,partial,True,94.4,0.075560355664235
18722,-1,bounce_resistance,0.111,partial,True,96.32,0.1952740355698422
18723,-1,bounce_resistance,0.111,partial,True,96.4,0.11567567463182743
18724,-1,bounce_resistance,0.111,partial,True,95.12,0.3518021192755649
18726,-1,bounce_resistance,0.111,partial,True,95.38,0.09894958968281925
18731,-1,bounce_resistance,0.333,partial,True,94.39,0.08102076737170326
18754,-1,bounce_resistance,0.333,partial,True,89.55,0.31517230810176233
18779,1,bounce_support,-0.333,conflict,True,91.91,0.4982633778225688
18791,1,bounce_support,-0.111,conflict,True,83.61,0.3009393775269005
18822,-1,bounce_resistance,0.111,partial,True,92.67,0.15162768895056516
18832,-1,bounce_resistance,0.111,partial,True,95.74,0.41126258612918465
18876,-1,bounce_resistance,0.333,partial,True,84.66,0.25363498104792315
18882,-1,bounce_resistance,0.333,partial,True,84.49,0.37960157964284275
18933,1,bounce_support,-0.333,conflict,True,87.2,0.3612243100075116
19006,1,bounce_support,0.111,partial,True,84.89,0.1241075808987292
19019,1,bounce_support,0.111,partial,True,84.08,0.14252821609811264
19042,-1,bounce_resistance,-0.111,conflict,True,86.05,0.08581681351796924
19071,-1,bounce_resistance,-0.111,conflict,True,96.49,0.47839794648692663
19103,-1,bounce_resistance,-0.111,conflict,True,95.74,0.4444522610145998
19137,1,bounce_support,0.111,partial,True,77.75,0.428143390220461
19181,1,bounce_support,0.111,partial,True,73.76,0.4024301814798924
19283,1,bounce_support,0.111,partial,True,95.74,0.323726898890674
19297,1,bounce_support,0.111,partial,True,95.19,0.17792356714392157
19384,-1,bounce_resistance,0.333,partial,True,79.74,0.14440821514737334
19427,-1,bounce_resistance,0.333,partial,True,77.34,0.49990319132631605
19486,-1,bounce_resistance,0.333,partial,True,85.86,0.03894099099093682
19489,-1,bounce_resistance,0.667,partial,True,83.66,0.24668399861154539
19490,-1,bounce_resistance,0.667,partial,True,98.06,0.2387179974820277
19545,1,bounce_support,-1.0,conflict,True,98.79,0.3991226137468906
19549,1,bounce_support,-1.0,conflict,True,81.88,0.29064287754348844
19558,1,bounce_support,-1.0,conflict,True,78.37,0.04733093054677998
19569,1,bounce_support,-1.0,conflict,True,100.0,0.26392349998536946
19581,1,bounce_support,-1.0,conflict,True,100.0,0.29587127831469084
19584,1,bounce_support,-1.0,conflict,True,100.0,0.22334246769188748
19618,-1,bounce_resistance,1.0,full,True,85.9,0.4948256632312016
19622,-1,bounce_resistance,1.0,full,True,89.67,0.318355364103437
19667,-1,bounce_resistance,1.0,full,True,85.83,0.32791816423077896
19720,1,bounce_support,-1.0,conflict,True,86.34,0.41986528006707474
19722,1,bounce_support,-1.0,conflict,True,85.62,0.07861870750424246
19781,1,bounce_support,-0.778,conflict,True,87.56,0.1644505347924658
19784,1,bounce_support,-0.778,conflict,True,96.73,0.3166641774922681
19788,1,bounce_support,-0.778,conflict,True,95.26,0.47429429802760237
19808,-1,bounce_resistance,1.0,full,True,85.45,0.38650327578707067
19855,1,bounce_support,-0.778,conflict,True,81.07,0.3907488505676899
19892,1,bounce_support,-0.556,conflict,True,83.13,0.364637025724147
19942,-1,bounce_resistance,0.556,partial,True,93.15,0.018091428244396524
19968,1,bounce_support,-0.556,conflict,True,75.92,0.2282574427545256
20005,1,bounce_support,-0.556,conflict,True,77.9,0.44016106438915364
20048,1,bounce_support,-0.222,conflict,True,91.98,0.35645774740901054
20070,-1,bounce_resistance,0.222,partial,True,70.81,0.2739870135282963
20091,-1,bounce_resistance,0.778,partial,True,76.94,0.4740764086867213
20145,-1,bounce_resistance,1.0,full,True,83.44,0.3073547155384109
20188,1,bounce_support,-1.0,conflict,True,77.98,0.23737287809438315
20207,-1,bounce_resistance,1.0,full,True,95.09,0.29182429757590805
20249,1,bounce_support,-1.0,conflict,True,78.91,0.30175799083081295
20270,1,bounce_support,-1.0,conflict,True,84.65,0.0871631378048974
20322,-1,bounce_resistance,1.0,full,True,87.31,0.167911832039972
20344,1,bounce_support,-1.0,conflict,True,84.75,0.3757336748487655
20357,-1,bounce_resistance,1.0,full,True,94.89,0.3698483901871092
20360,-1,bounce_resistance,1.0,full,True,94.8,0.10550991644254132
20368,-1,bounce_resistance,1.0,full,True,94.61,0.22060695779880476
20369,-1,bounce_resistance,1.0,full,True,88.55,0.41785774702029843
20384,1,bounce_support,-1.0,conflict,True,79.1,0.39421255647545084
20395,1,bounce_support,-0.778,conflict,True,83.6,0.07688503632371067
20441,-1,bounce_resistance,0.556,partial,True,93.65,0.15714108365724344
20444,-1,bounce_resistance,0.556,partial,True,95.7,0.025964442839632333
20445,-1,bounce_resistance,0.556,partial,True,96.0,0.3605923227810396
20446,-1,bounce_resistance,0.556,partial,True,95.96,0.4014238830863699
20447,-1,bounce_resistance,0.556,partial,True,95.91,0.2474638244074366
20454,-1,bounce_resistance,0.556,partial,True,92.98,0.35756610710847814
20538,-1,bounce_resistance,1.0,full,True,86.47,0.4164527759833448
20627,-1,bounce_resistance,1.0,full,True,94.95,0.3952156220908075
20656,1,bounce_support,-1.0,conflict,True,84.66,0.3918843198532415
20675,1,bounce_support,-1.0,conflict,True,86.2,0.23114859215828484
20726,1,bounce_support,-1.0,conflict,True,97.45,0.4183434762524374
20736,1,bounce_support,-0.556,conflict,True,100.0,0.3750398075332189
20787,-1,bounce_resistance,1.0,full,True,99.13,0.07570779713498584
20834,1,bounce_support,-0.556,conflict,True,85.6,0.49616046328451574
20838,1,bounce_support,-0.556,conflict,True,88.66,0.2805716494587733
20865,1,bounce_support,-0.556,conflict,True,96.81,0.06156749513406599
20878,1,bounce_support,-0.556,conflict,True,77.26,0.4541064923646626
20883,1,bounce_support,-0.556,conflict,True,86.76,0.19259681837199444
20914,1,bounce_support,-0.556,conflict,True,96.72,0.46163257229644544
20951,-1,bounce_resistance,0.556,partial,True,87.05,0.2272659602983562
20973,-1,bounce_resistance,0.556,partial,True,100.0,0.18673687215932214
21030,-1,bounce_resistance,1.0,full,True,97.3,0.12621335902532507
21037,-1,bounce_resistance,1.0,full,True,96.82,0.10474476275634295
21049,1,bounce_support,-0.556,conflict,True,86.11,0.15465674352910183
21071,1,bounce_support,-0.556,conflict,True,98.15,0.34031500830866845
21097,-1,bounce_resistance,1.0,full,True,83.95,0.4178971864905802
21189,-1,bounce_resistance,1.0,full,True,82.72,0.3884839172244837
21218,-1,bounce_resistance,1.0,full,True,94.85,0.13058720398004764
21301,-1,bounce_resistance,1.0,full,True,90.95,0.4414811799197014
21331,-1,bounce_resistance,1.0,full,True,81.61,0.02293571780581253
21383,1,bounce_support,-0.556,conflict,True,72.59,0.08271165061113214
21441,-1,bounce_resistance,0.556,partial,True,90.77,0.08504919744184367
21472,1,bounce_support,0.111,partial,True,84.48,0.4912421856063444
21532,-1,bounce_resistance,-0.111,conflict,True,85.83,0.2926274622432054
21552,1,bounce_support,0.111,partial,True,83.24,0.15935996719375647
21599,1,bounce_support,0.111,partial,True,93.56,0.4568002758088347
21621,-1,bounce_resistance,-0.111,conflict,True,83.39,0.2789799261599908
21636,-1,bounce_resistance,-0.111,conflict,True,84.39,0.41909105186227386
21640,-1,bounce_resistance,-0.111,conflict,True,94.37,0.2627492065329867
21659,-1,bounce_resistance,-0.111,conflict,True,98.83,0.4698445775093744
21696,-1,bounce_resistance,-0.111,conflict,True,85.7,0.351306990206098
21723,-1,bounce_resistance,0.333,partial,True,84.1,0.42364842974119643
21783,-1,bounce_resistance,0.333,partial,True,82.61,0.27232589009794295
21839,-1,bounce_resistance,0.333,partial,True,95.36,0.2869520181225328
21879,-1,bounce_resistance,0.333,partial,True,96.06,0.17746349209170234
21902,-1,bounce_resistance,0.333,partial,True,96.13,0.4003179167867328
21963,-1,bounce_resistance,1.0,full,True,83.81,0.473183688849787
22060,-1,bounce_resistance,1.0,full,True,83.09,0.23629045938683574
22085,-1,bounce_resistance,1.0,full,True,80.62,0.1655591301298708
22147,1,bounce_support,-1.0,conflict,True,89.21,0.365272369682416
22184,-1,bounce_resistance,1.0,full,True,84.36,0.009535419503032671
22194,-1,bounce_resistance,1.0,full,True,95.5,0.4874364140841203
22252,-1,bounce_resistance,1.0,full,True,96.05,0.32674933520216176
22366,1,bounce_support,-0.556,conflict,True,85.74,0.31801881813199245
22374,1,bounce_support,-0.556,conflict,True,95.06,0.29674585917967516
22395,1,bounce_support,-0.556,conflict,True,91.78,0.152183605335277
22448,1,bounce_support,-0.556,conflict,True,97.78,0.37095716335325174
22454,1,bounce_support,-0.556,conflict,True,92.95,0.40606930910555156
22535,-1,bounce_resistance,0.222,partial,True,80.32,0.49042139756299036
22653,-1,bounce_resistance,0.667,partial,True,96.43,0.40858560279351896
22706,-1,bounce_resistance,1.0,full,True,84.68,0.2698333637424572
22721,1,bounce_support,-1.0,conflict,True,91.19,0.3462131334765742
22736,-1,bounce_resistance,1.0,full,True,84.74,0.361722212922283
22775,-1,bounce_resistance,1.0,full,True,86.27,0.28682127185930845
22858,1,bounce_support,-0.556,conflict,True,97.88,0.48263263158775005
22929,1,bounce_support,-0.222,conflict,True,95.77,0.25022692990137063
23009,1,bounce_support,0.111,partial,True,90.69,0.019662160677700005
23013,1,bounce_support,0.111,partial,True,83.52,0.025694912643380682
23126,-1,bounce_resistance,0.667,partial,True,72.72,0.2992168853108121
23152,-1,bounce_resistance,1.0,full,True,96.41,0.30168490675924325
23193,1,bounce_support,-1.0,conflict,True,94.58,0.15529321063072213
23201,1,bounce_support,-1.0,conflict,True,96.08,0.051385976751845114
23256,-1,bounce_resistance,1.0,full,True,93.24,0.15164777591895198
23291,1,bounce_support,-0.556,conflict,True,86.15,0.09314577405275755
23327,-1,bounce_resistance,1.0,full,True,98.61,0.14118945003069125
23369,1,bounce_support,-1.0,conflict,True,96.28,0.031664661252060494
23375,1,bounce_support,-1.0,conflict,True,98.59,0.07669220074065462
23422,1,bounce_support,-0.556,conflict,True,84.67,0.1307250086059863
23517,1,bounce_support,-0.556,conflict,True,82.19,0.39068616591713773
23532,1,bounce_support,-0.556,conflict,True,82.69,0.4563040609402622
23548,1,bounce_support,-0.556,conflict,True,81.42,0.36973095054195815
23566,1,bounce_support,-0.222,conflict,True,81.68,0.07487714172507251
23578,1,bounce_support,-0.222,conflict,True,86.13,0.4172098829942861
23580,1,bounce_support,-0.222,conflict,True,84.75,0.006995993128505143
23603,-1,bounce_resistance,-0.111,conflict,True,95.21,0.3994541153452604
23617,-1,bounce_resistance,-0.111,conflict,True,77.03,0.19991426906691323
23648,-1,bounce_resistance,0.667,partial,True,96.96,0.1531042697298987
23675,-1,bounce_resistance,0.667,partial,True,93.63,0.4743123311222306
23708,-1,bounce_resistance,1.0,full,True,98.48,0.12935654786136322
23726,-1,bounce_resistance,1.0,full,True,99.14,0.039203655225879645
23804,1,bounce_support,-1.0,conflict,True,93.21,0.18337427878687323
23855,1,bounce_support,-0.778,conflict,True,99.12,0.42423053346978296
23859,1,bounce_support,-0.778,conflict,True,99.15,0.12900062681764005
23894,-1,bounce_resistance,1.0,full,True,76.79,0.3270946024708316
23905,-1,bounce_resistance,1.0,full,True,68.05,0.43480981343216807
23916,-1,bounce_resistance,1.0,full,True,85.13,0.21540954350089594
23918,-1,bounce_resistance,1.0,full,True,95.11,0.030636188011414493
23955,-1,bounce_resistance,1.0,full,True,86.99,0.4520125409964542
23983,1,bounce_support,-1.0,conflict,True,77.27,0.32034176416083265
23991,1,bounce_support,-1.0,conflict,True,99.65,0.3471211017230393
23993,1,bounce_support,-1.0,conflict,True,87.01,0.13303717656540084
24029,-1,bounce_resistance,1.0,full,True,87.06,0.34286368370362497
24081,-1,bounce_resistance,1.0,full,True,84.84,0.19768915452873986
24130,1,bounce_support,-1.0,conflict,True,68.62,0.3183840193788177
24147,1,bounce_support,-1.0,conflict,True,84.98,0.4872973202873338
24162,-1,bounce_resistance,1.0,full,True,88.16,0.10828898446171993
24180,-1,bounce_resistance,1.0,full,True,86.39,0.4206766676446511
24253,1,bounce_support,-0.556,conflict,True,85.92,0.1027278927658913
24266,1,bounce_support,-0.556,conflict,True,99.62,0.08459347999895671
24288,-1,bounce_resistance,0.556,partial,True,98.69,0.34552106954644535
24298,-1,bounce_resistance,0.778,partial,True,98.57,0.0445249301424312
24349,-1,bounce_resistance,0.778,partial,True,98.89,0.25493837488665144
24379,1,bounce_support,-0.556,conflict,True,97.91,0.16585952852164684
24425,-1,bounce_resistance,0.556,partial,True,84.79,0.4415737696087858
24468,1,bounce_support,-0.556,conflict,True,69.92,0.2898997663553247
24498,1,bounce_support,-0.556,conflict,True,87.34,0.379808108308235
24568,1,bounce_support,-0.556,conflict,True,90.25,0.46749128070197027
24587,-1,bounce_resistance,0.556,partial,True,91.22,0.2046913926501523
24622,-1,bounce_resistance,0.778,partial,True,86.11,0.30670180024344706
24626,-1,bounce_resistance,1.0,full,True,95.47,0.13582703549211628
24667,1,bounce_support,-0.556,conflict,True,86.81,0.10967907118149722
24703,-1,bounce_resistance,0.222,partial,True,87.84,0.2492886254390712
24754,-1,bounce_resistance,0.444,partial,True,76.0,0.402812387501416
24800,-1,bounce_resistance,1.0,full,True,100.0,0.10375351702792833
24841,-1,bounce_resistance,1.0,full,True,98.7,0.3550494115610092
24909,-1,bounce_resistance,1.0,full,True,96.7,0.057917493261121944
24930,-1,bounce_resistance,1.0,full,True,92.57,0.13497265735676256
24955,1,bounce_support,-1.0,conflict,True,93.2,0.3569396518475902
24992,-1,bounce_resistance,1.0,full,True,82.76,0.40392136386938704
25023,-1,bounce_resistance,1.0,full,True,93.83,0.2752121717131164
25041,1,bounce_support,-1.0,conflict,True,87.24,0.3760879523039889
25074,1,bounce_support,-1.0,conflict,True,91.62,0.35449087507093296
25077,1,bounce_support,-1.0,conflict,True,87.18,0.025702438539198225
25113,-1,bounce_resistance,1.0,full,True,94.36,0.09031551527050365
25141,-1,bounce_resistance,1.0,full,True,83.13,0.47910760349086695
25178,1,bounce_support,-1.0,conflict,True,86.16,0.42250702817685426
25250,1,bounce_support,-0.556,conflict,True,75.42,0.4712604070583454
25305,1,bounce_support,-0.556,conflict,True,82.97,0.46890166706298836
25331,1,bounce_support,-0.556,conflict,True,94.51,0.26456786766133517
25363,1,bounce_support,0.111,partial,True,96.16,0.2908009978877511
25388,1,bounce_support,0.111,partial,True,95.86,0.4535246890881909
25403,1,bounce_support,0.111,partial,True,95.88,0.2407064328644964
25412,-1,bounce_resistance,-0.111,conflict,True,97.44,0.4449257364914411
25413,-1,bounce_resistance,-0.111,conflict,True,96.07,0.08093424616687335
25434,1,bounce_support,0.111,partial,True,96.13,0.18533708491033368
25531,-1,bounce_resistance,-0.111,conflict,True,96.37,0.35758105436491705
25542,1,bounce_support,0.111,partial,True,93.2,0.283664548701099
25566,1,bounce_support,0.111,partial,True,83.18,0.19376590973882687
25606,1,bounce_support,0.111,partial,True,95.87,0.18171269263517512
25635,-1,bounce_resistance,0.111,partial,True,70.05,0.24515410969194631
25655,-1,bounce_resistance,0.333,partial,True,78.91,0.12379313520353032
25662,-1,bounce_resistance,0.333,partial,True,81.73,0.1242125748885601
25696,1,bounce_support,-0.333,conflict,True,86.06,0.3314259016224006
25766,1,bounce_support,-0.111,conflict,True,81.38,0.3452159524329973
25771,1,bounce_support,-0.111,conflict,True,85.88,0.3913547035488857
25815,-1,bounce_resistance,0.333,partial,True,74.11,0.4001629219547672
25959,-1,bounce_resistance,0.333,partial,True,93.04,0.25912321327225324
26010,-1,bounce_resistance,0.333,partial,True,93.71,0.47972864898143713
26012,-1,bounce_resistance,0.333,partial,True,95.6,0.22844768155875442
26015,-1,bounce_resistance,0.333,partial,True,94.41,0.4033863717307674
26047,1,bounce_support,0.111,partial,True,81.53,0.37500596370529893
26097,-1,bounce_resistance,-0.111,conflict,True,86.32,0.3376131313088858
26143,-1,bounce_resistance,0.111,partial,True,85.68,0.31343726960827145
26188,-1,bounce_resistance,0.333,partial,True,78.52,0.42970333536009525
26270,-1,bounce_resistance,1.0,full,True,93.26,0.2536400573408075
26291,1,bounce_support,-1.0,conflict,True,83.63,0.39962202742984654
26304,1,bounce_support,-1.0,conflict,True,94.67,0.03928257824192669
26372,1,bounce_support,-0.556,conflict,True,81.47,0.39205290688981453
26423,1,bounce_support,-0.556,conflict,True,97.79,0.31345750632540775
26474,1,bounce_support,-0.222,conflict,True,92.74,0.04675467010133422
26535,-1,bounce_resistance,0.222,partial,True,97.95,0.25484445109155074
26552,1,bounce_support,-0.222,conflict,True,96.79,0.13247373303217877
26595,-1,bounce_resistance,0.667,partial,True,86.2,0.3841703934535128
26609,-1,bounce_resistance,0.667,partial,True,87.19,0.2794031161232501
26665,1,bounce_support,-0.222,conflict,True,74.42,0.3980440152016636
26738,1,bounce_support,0.111,partial,True,93.94,0.023149078039707466
26751,1,bounce_support,0.111,partial,True,97.25,0.24888353504699037
26789,-1,bounce_resistance,-0.111,conflict,True,87.6,0.32299626498698025
26813,1,bounce_support,0.111,partial,True,95.49,0.29338119616504693
26838,1,bounce_support,0.111,partial,True,85.43,0.09564066084562632
26859,1,bounce_support,0.111,partial,True,90.15,0.3910397070481932
26945,1,bounce_support,0.111,partial,True,85.1,0.22605225784919245
26949,1,bounce_support,0.111,partial,True,86.8,0.2462724852776789
26965,1,bounce_support,0.111,partial,True,95.91,0.24079101361978636
26977,1,bounce_support,0.111,partial,True,93.82,0.03297570545938122
27061,1,bounce_support,0.111,partial,True,84.03,0.3701077490296846
27125,1,bounce_support,0.556,partial,True,95.25,0.3524314638742248
27137,1,bounce_support,0.556,partial,True,96.06,0.21159946070577285
27224,1,bounce_support,1.0,full,True,79.35,0.12944245896690698
27228,1,bounce_support,1.0,full,True,83.77,0.36204370731638347
27243,1,bounce_support,1.0,full,True,84.68,0.4838583753927865
27267,1,bounce_support,1.0,full,True,89.58,0.19541172593272743
27273,1,bounce_support,1.0,full,True,97.81,0.06992306303808524
27331,1,bounce_support,1.0,full,True,85.39,0.40367216590749866
27358,-1,bounce_resistance,-1.0,conflict,True,83.08,0.40935998433461135
27400,1,bounce_support,1.0,full,True,96.01,0.37132782183452046
27422,1,bounce_support,1.0,full,True,95.36,0.48251651177554467
27442,-1,bounce_resistance,-1.0,conflict,True,74.59,0.24651502592311175
27512,-1,bounce_resistance,-0.556,conflict,True,77.75,0.1850895561152442
27517,-1,bounce_resistance,-0.556,conflict,True,88.9,0.24403648897306368
27529,-1,bounce_resistance,-0.556,conflict,True,92.06,0.22869220040939567
27593,-1,bounce_resistance,-0.556,conflict,True,95.54,0.3987073447876261
27638,1,bounce_support,0.556,partial,True,91.2,0.2553330932299
27639,1,bounce_support,0.556,partial,True,91.3,0.22430260335475843
27642,1,bounce_support,0.556,partial,True,95.19,0.2147891702792646
27650,-1,bounce_resistance,-0.222,conflict,True,90.42,0.4635620176440398
27707,1,bounce_support,-0.111,conflict,True,82.71,0.3778654130523114
27733,1,bounce_support,-0.111,conflict,True,77.19,0.24992978409868694
27814,1,bounce_support,0.667,partial,True,92.15,0.0510606974248533
27821,1,bounce_support,0.667,partial,True,86.66,0.21432904044930126
27899,1,bounce_support,1.0,full,True,75.58,0.466806617734163
27978,1,bounce_support,1.0,full,True,85.41,0.22087782786300497
27997,-1,bounce_resistance,-1.0,conflict,True,87.4,0.22698509575879097
28022,1,bounce_support,1.0,full,True,86.93,0.4121756166445047
28046,1,bounce_support,1.0,full,True,100.0,0.20864431647274842
28104,1,bounce_support,1.0,full,True,95.25,0.47303906656571887
28161,-1,bounce_resistance,-1.0,conflict,True,100.0,0.18544064604189903
28232,-1,bounce_resistance,-0.556,conflict,True,92.47,0.17443664325036115
28234,-1,bounce_resistance,-0.556,conflict,True,100.0,0.01300739126626357
28246,-1,bounce_resistance,-0.556,conflict,True,100.0,0.4590896374944274
28369,1,bounce_support,0.778,partial,True,85.6,0.12304567330020369
28399,-1,bounce_resistance,-0.556,conflict,True,72.29,0.492184566072458
28547,1,bounce_support,1.0,full,True,85.3,0.39986517709322467
28583,1,bounce_support,1.0,full,True,85.54,0.3389316024136756
28600,1,bounce_support,1.0,full,True,85.31,0.3774263531672779
28610,1,bounce_support,1.0,full,True,97.64,0.24628689900491604
28634,1,bounce_support,1.0,full,True,96.19,0.12569283305418447
28670,1,bounce_support,1.0,full,True,99.19,0.4738636250715752
28716,1,bounce_support,1.0,full,True,95.04,0.42747929450992284
28721,1,bounce_support,1.0,full,True,94.26,0.05747561792466767
28758,1,bounce_support,1.0,full,True,85.66,0.2985376495132765
28766,1,bounce_support,1.0,full,True,87.83,0.49654745452972127
28798,1,bounce_support,1.0,full,True,95.96,0.05688548229518427
28806,1,bounce_support,1.0,full,True,94.78,0.3641950375145259
28860,1,bounce_support,1.0,full,True,100.0,0.32490996324364113
28913,1,bounce_support,1.0,full,True,81.66,0.31752646697208264
28931,1,bounce_support,1.0,full,True,84.36,0.3109799699820654
28936,1,bounce_support,1.0,full,True,99.62,0.3664005583771055
28955,1,bounce_support,1.0,full,True,93.37,0.48274558008035
28988,-1,bounce_resistance,-1.0,conflict,True,100.0,0.4493575068231556
29003,-1,bounce_resistance,-1.0,conflict,True,100.0,0.38755172888324535
29027,1,bounce_support,1.0,full,True,99.6,0.4818628188161674
29050,1,bounce_support,1.0,full,True,82.31,0.4066745948780392
29052,1,bounce_support,1.0,full,True,81.65,0.37333133072497493
29055,1,bounce_support,1.0,full,True,82.47,0.03396575278006479
29064,1,bounce_support,1.0,full,True,90.63,0.023280946913086756
29096,1,bounce_support,1.0,full,True,82.81,0.31728908217279306
29148,1,bounce_support,1.0,full,True,80.86,0.24521902373913032
29155,1,bounce_support,1.0,full,True,75.88,0.3670524196417199
29179,1,bounce_support,1.0,full,True,97.43,0.28145228432937786
29188,1,bounce_support,1.0,full,True,94.13,0.36185289842871665
29191,1,bounce_support,1.0,full,True,95.35,0.35412817821810005
29250,1,bounce_support,1.0,full,True,96.77,0.362600312484066
29258,1,bounce_support,1.0,full,True,97.11,0.3862977727785358
29366,1,bounce_support,1.0,full,True,83.86,0.3044508196681533
29374,1,bounce_support,1.0,full,True,97.54,0.3571632438936754
29376,1,bounce_support,1.0,full,True,98.03,0.4349520182202156
29409,1,bounce_support,1.0,full,True,83.56,0.0008839437130926856
29430,-1,bounce_resistance,-1.0,conflict,True,69.88,0.20722456283155194
29464,-1,bounce_resistance,-1.0,conflict,True,83.91,0.35800023050498025
29505,1,bounce_support,1.0,full,True,96.07,0.12617941013866427
29507,1,bounce_support,1.0,full,True,92.63,0.34212826314113665
29515,1,bounce_support,1.0,full,True,88.33,0.09072793409414162
29575,-1,bounce_resistance,-0.556,conflict,True,86.62,0.10325884311518141
29580,-1,bounce_resistance,-0.556,conflict,True,84.06,0.4312366353029712
29612,1,bounce_support,0.556,partial,True,97.51,0.44296802118972006
29650,-1,bounce_resistance,-0.556,conflict,True,97.72,0.39173679051574684
29735,1,bounce_support,1.0,full,True,88.0,0.1398176058678025
29801,1,bounce_support,1.0,full,True,78.87,0.47219019388330086
29802,1,bounce_support,1.0,full,True,85.3,0.4664729987367727
29837,1,bounce_support,1.0,full,True,85.69,0.4022152877429232
29881,1,bounce_support,1.0,full,True,97.79,0.21672240653983837
29913,1,bounce_support,1.0,full,True,94.0,0.25205401598945787
29943,-1,bounce_resistance,-1.0,conflict,True,90.77,0.4075590310933908
29965,-1,bounce_resistance,-0.778,conflict,True,96.76,0.02265384655513019
30056,-1,bounce_resistance,-0.556,conflict,True,99.01,0.15928905288788014
30103,1,bounce_support,0.556,partial,True,84.17,0.4576257755633676
30199,-1,bounce_resistance,-0.556,conflict,True,90.93,0.24724046959741966
30239,1,bounce_support,0.556,partial,True,84.04,0.4936858275461466
30241,-1,bounce_resistance,-0.556,conflict,True,65.16,0.4860754894411158
30244,-1,bounce_resistance,-0.556,conflict,True,81.06,0.30750458662576147
30250,-1,bounce_resistance,-0.556,conflict,True,88.84,0.21492829964097873
30303,-1,bounce_resistance,-0.556,conflict,True,96.86,0.029347351518037735
30355,1,bounce_support,0.556,partial,True,98.31,0.0708917337536806
30374,-1,bounce_resistance,-0.556,conflict,True,95.77,0.27476366463808816
30379,-1,bounce_resistance,-0.556,conflict,True,96.26,0.044337843229313466
30417,-1,bounce_resistance,-0.556,conflict,True,94.3,0.38793675230308
30437,-1,bounce_resistance,-0.556,conflict,True,96.7,0.43713810258634533
30447,-1,bounce_resistance,-0.556,conflict,True,95.4,0.411999850637985
30471,-1,bounce_resistance,-0.222,conflict,True,93.37,0.4628214251135036
30489,1,bounce_support,0.222,partial,True,71.16,0.49921821243613346
30513,1,bounce_support,0.444,partial,True,84.55,0.47333618052665977
30522,1,bounce_support,0.444,partial,True,86.31,0.11953118087840862
30563,1,bounce_support,1.0,full,True,96.61,0.4508976414383864
30567,1,bounce_support,1.0,full,True,98.26,0.3577293557998531
30570,1,bounce_support,1.0,full,True,97.5,0.20930319300654565
30611,1,bounce_support,1.0,full,True,95.5,0.3879078435090586
30643,1,bounce_support,1.0,full,True,89.95,0.36674469170203744
30713,1,bounce_support,1.0,full,True,84.32,0.4376973200106405
30733,1,bounce_support,1.0,full,True,83.16,0.09681025348578826
30757,-1,bounce_resistance,-1.0,conflict,True,77.53,0.4090137452093322
30790,1,bounce_support,1.0,full,True,99.03,0.47536240789325895
30794,1,bounce_support,1.0,full,True,86.01,0.15860247615894651
30817,1,bounce_support,1.0,full,True,85.55,0.011047182802963905
30867,1,bounce_support,1.0,full,True,85.73,0.21063852602827612
30876,1,bounce_support,1.0,full,True,96.73,0.39529008440248886
30918,1,bounce_support,1.0,full,True,96.59,0.12326321178610576
30946,1,bounce_support,1.0,full,True,85.64,0.31587886690138944
30981,1,bounce_support,1.0,full,True,92.74,0.3651047886183883
31008,1,bounce_support,1.0,full,True,93.74,0.4734976652280081
31029,1,bounce_support,1.0,full,True,88.88,0.4282664090620365
31069,1,bounce_support,1.0,full,True,86.46,0.45236257579017114
31101,-1,bounce_resistance,-1.0,conflict,True,91.14,0.09055160291174583
31104,-1,bounce_resistance,-1.0,conflict,True,92.47,0.46559146430414355
31110,-1,bounce_resistance,-1.0,conflict,True,90.45,0.26156546816363674
31119,-1,bounce_resistance,-1.0,conflict,True,91.71,0.33326287980047653
31162,-1,bounce_resistance,-1.0,conflict,True,85.1,0.47348091928287706
31188,1,bounce_support,1.0,full,True,95.97,0.48537235390011874
31215,1,bounce_support,1.0,full,True,91.49,0.4026790041162567
31217,1,bounce_support,1.0,full,True,80.94,0.0822957538507648
31276,-1,bounce_resistance,-0.556,conflict,True,73.94,0.11752326828010831
31326,1,bounce_support,0.556,partial,True,75.67,0.09620493030144306
31328,1,bounce_support,0.556,partial,True,86.6,0.295008611801921
31356,1,bounce_support,0.556,partial,True,87.22,0.2834391606715616
31357,1,bounce_support,0.556,partial,True,86.26,0.084181729456185
31403,-1,bounce_resistance,-0.556,conflict,True,85.29,0.07905719860601268
31440,1,bounce_support,0.556,partial,True,81.2,0.44885514141102245
31451,-1,bounce_resistance,-0.556,conflict,True,84.78,0.29386028272604653
31476,-1,bounce_resistance,-0.556,conflict,True,89.87,0.26135399106989354
31480,-1,bounce_resistance,-0.556,conflict,True,90.52,0.23301357163548614
31543,-1,bounce_resistance,0.111,partial,True,80.42,0.31440449381657837
31561,-1,bounce_resistance,0.111,partial,True,74.18,0.30220321191179444
31653,1,bounce_support,-0.111,conflict,True,86.51,0.1776257822390223
31740,-1,bounce_resistance,0.111,partial,True,84.51,0.29798210035456163
31755,-1,bounce_resistance,0.111,partial,True,97.71,0.04713570622878576
31818,1,bounce_support,0.333,partial,True,98.59,0.42878927398219097
31829,-1,bounce_resistance,0.111,partial,True,83.87,0.11757229236364632
31875,-1,bounce_resistance,0.111,partial,True,83.18,0.3444219120062359
31903,-1,bounce_resistance,0.111,partial,True,88.51,0.0601993178449549
31913,-1,bounce_resistance,0.111,partial,True,92.98,0.35868114801842704
31967,-1,bounce_resistance,0.111,partial,True,98.44,0.4813816406212315
32000,-1,bounce_resistance,0.111,partial,True,92.77,0.3769313695806837
32031,-1,bounce_resistance,0.111,partial,True,95.23,0.3573225012113886
32042,-1,bounce_resistance,0.111,partial,True,94.32,0.12765753535692131
32078,-1,bounce_resistance,0.111,partial,True,89.69,0.24136540146589444
32092,1,bounce_support,-0.111,conflict,True,84.88,0.43172941791782793
32116,1,bounce_support,-0.111,conflict,True,96.57,0.4339429369497815
32119,1,bounce_support,-0.111,conflict,True,96.4,0.18540589189209908
32224,-1,bounce_resistance,0.111,partial,True,96.5,0.19981374081037281
32265,-1,bounce_resistance,0.111,partial,True,89.59,0.43283564564954385
32270,-1,bounce_resistance,0.111,partial,True,96.44,0.10609005632215288
32307,1,bounce_support,-0.111,conflict,True,79.18,0.3006895710074619
32322,1,bounce_support,-0.111,conflict,True,89.79,0.26907753764307657
32337,-1,bounce_resistance,0.111,partial,True,87.54,0.3474213002625679
32402,1,bounce_support,-0.111,conflict,True,85.97,0.1642744973810379
32413,1,bounce_support,-0.111,conflict,True,84.78,0.22570594810720038
32432,1,bounce_support,-0.111,conflict,True,86.2,0.3303240591887593
32460,-1,bounce_resistance,0.111,partial,True,98.86,0.023313802845978015
32494,-1,bounce_resistance,0.111,partial,True,93.26,0.11285044987125514
32519,1,bounce_support,-0.111,conflict,True,98.49,0.2405021426497555
32541,1,bounce_support,-0.111,conflict,True,98.47,0.33995969928649566
32569,-1,bounce_resistance,0.111,partial,True,97.49,0.08469576590790537
32585,-1,bounce_resistance,0.111,partial,True,95.85,0.17118662095407877
32629,1,bounce_support,-0.111,conflict,True,97.37,0.2818422252663182
32644,1,bounce_support,-0.111,conflict,True,73.55,0.1447586580101659
32667,-1,bounce_resistance,0.111,partial,True,85.95,0.3029008971858129
32670,-1,bounce_resistance,0.111,partial,True,67.88,0.34674929920962977
32696,-1,bounce_resistance,0.111,partial,True,87.75,0.2044030530602237
32719,1,bounce_support,0.111,partial,True,100.0,0.14040454475357061
32792,1,bounce_support,0.333,partial,True,81.16,0.11938808329779378
32831,1,bounce_support,0.333,partial,True,92.01,0.07432921593398685
32877,1,bounce_support,0.333,partial,True,93.52,0.0941844713991088
32937,-1,bounce_resistance,-1.0,conflict,True,82.19,0.3016247912213675
32952,-1,bounce_resistance,-1.0,conflict,True,90.32,0.20974448125710238
32990,1,bounce_support,1.0,full,True,71.23,0.23745488679654797
33000,1,bounce_support,1.0,full,True,96.48,0.3601602320756973
33066,-1,bounce_resistance,-1.0,conflict,True,100.0,0.30823559455677085
33115,1,bounce_support,1.0,full,True,97.37,0.10510049911523928
33226,-1,bounce_resistance,-1.0,conflict,True,95.2,0.399449013357948
33228,-1,bounce_resistance,-1.0,conflict,True,91.28,0.18457591976923102
33233,-1,bounce_resistance,-1.0,conflict,True,100.0,0.24794549056624549
33251,1,bounce_support,1.0,full,True,87.95,0.4770426081334669
33262,1,bounce_support,1.0,full,True,88.95,0.14989282847062307
33270,1,bounce_support,1.0,full,True,84.87,0.3979186129043983
33307,1,bounce_support,1.0,full,True,82.46,0.021170072195976306
33370,1,bounce_support,1.0,full,True,99.21,0.3823861865013503
33391,-1,bounce_resistance,-1.0,conflict,True,85.14,0.45291017736359024
33425,-1,bounce_resistance,-0.778,conflict,True,94.25,0.3180175094141583
33441,1,bounce_support,1.0,full,True,95.73,0.11786368752792797
33505,-1,bounce_resistance,-0.556,conflict,True,96.38,0.36928782764131207
33540,-1,bounce_resistance,-0.556,conflict,True,96.78,0.12442462814657451
33646,1,bounce_support,0.556,partial,True,83.65,0.35439412451644775
33689,1,bounce_support,0.222,partial,True,76.85,0.48468393741855387
33726,1,bounce_support,0.222,partial,True,80.38,0.14978231215404847
33742,1,bounce_support,0.222,partial,True,82.92,0.4316892987166463
33748,1,bounce_support,-0.111,conflict,True,95.64,0.21789474686020419
33762,-1,bounce_resistance,0.111,partial,True,85.16,0.33453536223486885
33845,1,bounce_support,-0.111,conflict,True,97.29,0.2030596859202842
33888,1,bounce_support,1.0,full,True,86.55,0.3155008884128126
33945,1,bounce_support,1.0,full,True,89.99,0.41329385231009697
33951,1,bounce_support,1.0,full,True,95.24,0.4776104229894255
33985,-1,bounce_resistance,-1.0,conflict,True,71.85,0.2991515847500649
33989,-1,bounce_resistance,-1.0,conflict,True,81.72,0.015780154731716844
34017,1,bounce_support,1.0,full,True,78.55,0.22588571227095508
34046,-1,bounce_resistance,-1.0,conflict,True,93.17,0.13367686725759353
34148,-1,bounce_resistance,-0.556,conflict,True,87.68,0.2842934488842542
34244,-1,bounce_resistance,-0.556,conflict,True,85.98,0.39656360392163537
34309,-1,bounce_resistance,-0.222,conflict,True,86.97,0.1289996565698647
34372,1,bounce_support,0.222,partial,True,98.74,0.4545789357079916
34382,1,bounce_support,0.444,partial,True,98.83,0.4002091273584964
34454,-1,bounce_resistance,0.111,partial,True,86.22,0.49716427449630685
34483,-1,bounce_resistance,0.111,partial,True,100.0,0.17639600100154107
34523,-1,bounce_resistance,0.111,partial,True,98.67,0.04606323052073132
34556,1,bounce_support,-0.111,conflict,True,90.72,0.17926727271539378
34583,1,bounce_support,-0.111,conflict,True,95.81,0.43543895270204075
34604,-1,bounce_resistance,0.111,partial,True,86.63,0.2953672673608725
34625,1,bounce_support,-0.111,conflict,True,96.4,0.08251811477432576
34649,-1,bounce_resistance,0.111,partial,True,84.06,0.3101330487008412
34699,-1,bounce_resistance,0.111,partial,True,86.3,0.3357710962217108
34734,1,bounce_support,0.111,partial,True,85.54,0.40495757413180505
34753,-1,bounce_resistance,0.111,partial,True,85.65,0.14737687425799625
34777,-1,bounce_resistance,0.111,partial,True,97.22,0.42548685484013843
34847,1,bounce_support,0.333,partial,True,94.16,0.47734886713436747
34849,1,bounce_support,0.333,partial,True,98.72,0.156358177707547
34866,1,bounce_support,0.333,partial,True,96.87,0.2578317012072832
34931,1,bounce_support,1.0,full,True,84.69,0.052919125729910976
34938,1,bounce_support,1.0,full,True,83.49,0.3526261250628471
34981,1,bounce_support,1.0,full,True,91.47,0.30409341806488727
35071,-1,bounce_resistance,-1.0,conflict,True,73.58,0.46134873827503575
35129,-1,bounce_resistance,-0.556,conflict,True,99.25,0.08818820918346007
35170,-1,bounce_resistance,-0.556,conflict,True,85.78,0.27909958709836924
35199,1,bounce_support,0.556,partial,True,81.47,0.4052235031238396
35204,1,bounce_support,0.556,partial,True,97.75,0.15780320613643878
35217,-1,bounce_resistance,-0.556,conflict,True,92.38,0.3081011856244473
35291,1,bounce_support,1.0,full,True,94.19,0.28792314616099923
35301,1,bounce_support,1.0,full,True,87.07,0.246619320501929
35323,-1,bounce_resistance,-1.0,conflict,True,71.41,0.40754691163107803
35379,1,bounce_support,1.0,full,True,97.1,0.4930781478488707
35419,1,bounce_support,1.0,full,True,98.51,0.13546657107031393
35448,1,bounce_support,1.0,full,True,96.68,0.38733566773805866
