symbol,position_id,side,lots,entry,exit,closed,sim_ccy,sim_acct,broker_profit,broker_commission,broker_swap,ticket,diff,abs_diff,rel
USDJPY.a,309616135,buy,0.05,163.53699999999998,163.535,2026-07-27 08:25:28.142,-9.99999999990564,-0.08737713890367817,-0.09,0.0,0.0,272637862,0.0026228610963218296,0.0026228610963218296,0.029142901070242554
USDJPY.a,309616135,buy,0.05,163.53699999999998,163.547,2026-07-27 08:28:18.376,50.000000000096634,0.4368856945233576,0.44,0.0,0.0,272638419,-0.003114305476642376,0.003114305476642376,0.0070779669923690365
XAUUSD.a,309616653,sell,0.01,4097.91,4095.41,2026-07-27 06:51:03.359,2.5,3.572091959935417,3.57,0.0,0.0,272612552,0.002091959935416998,0.002091959935416998,0.0005859831751868342
XAUUSD.a,309617403,buy,0.01,4095.8000000000006,4097.35,2026-07-27 06:53:46.696,1.5499999999997272,2.2146970151595684,2.21,0.0,0.0,272613143,0.004697015159568441,0.004697015159568441,0.002125346226049068
XAUUSD.a,309619208,sell,0.01,4097.84,4096.26,2026-07-27 07:42:54.988,1.5799999999999272,2.2576588934612585,2.26,0.0,0.0,272625984,-0.002341106538741311,0.002341106538741311,0.0010358878490005802
XAUUSD.a,309637137,buy,0.01,4090.46,4091.45,2026-07-27 08:00:08.442,0.9899999999997817,1.4146090534976306,1.41,0.0,0.0,272631842,0.004609053497630633,0.004609053497630633,0.003268832267823144
XAUUSD.a,309639474,buy,0.01,4089.64,4090.95,2026-07-27 08:07:48.724,1.3099999999999454,1.871856424325482,1.87,0.0,0.0,272634767,0.0018564243254819424,0.0018564243254819424,0.0009927402810063863
XAUUSD.a,309641974,sell,0.01,4091.27,4091.46,2026-07-27 08:12:33.933,-0.19000000000005457,-0.271490626428976,-0.27,0.0,0.0,272635700,-0.0014906264289759608,0.0014906264289759608,0.005520838625836891
XAUUSD.a,309644139,buy,0.01,4089.84,4090.66,2026-07-27 08:23:21.212,0.819999999999709,1.1720313303980745,1.17,0.0,0.0,272637476,0.002031330398074571,0.002031330398074571,0.0017361798274141635
XAUUSD.a,309644225,sell,0.01,4090.33,4088.19,2026-07-27 08:35:18.613,2.1399999999998727,3.0587159110397812,3.06,0.0,0.0,272639865,-0.00128408896021881,0.00128408896021881,0.00041963691510418625
USDJPY.a,309645351,buy,0.05,163.54499999999996,163.573,2026-07-27 09:32:32.710,140.00000000024215,1.2222543226970313,1.22,0.0,0.0,272651166,0.002254322697031297,0.002254322697031297,0.0018478054893699156
XAUUSD.a,309672217,sell,0.01,4091.0700000000006,4087.56,2026-07-27 12:39:38.537,3.510000000000673,5.012137655291551,5.02,0.0,0.0,272702599,-0.00786234470844871,0.00786234470844871,0.0015662041251889862
USDJPY.a,309700470,sell,0.05,163.637,163.608,2026-07-29 04:08:17.207,144.9999999999818,1.2687417298971857,1.28,0.0,-1.51,273295213,-0.011258270102814327,0.011258270102814327,0.008795523517823693
XAUUSD.a,309922648,buy,0.01,4048.48,4100.73,2026-07-29 18:52:05.172,52.249999999999545,75.46216060080812,74.87,0.0,-1.12,273608798,0.5921606008081142,0.5921606008081142,0.007909183929586137
XAUUSD.a,310360838,buy,0.01,4023.1500000000005,4044.97,2026-07-29 07:10:05.882,21.819999999999254,31.402912900810623,31.37,0.0,0.0,273332904,0.03291290081062215,0.03291290081062215,0.0010491839595352932
USDJPY.a,310417786,buy,0.05,163.621,163.672,2026-07-29 10:48:43.704,254.9999999999386,2.242890093814645,2.24,0.0,0.0,273374545,0.0028900938146447785,0.0028900938146447785,0.0012902204529664188
XAUUSD.a,310419962,buy,0.01,4037.5,4038.56,2026-07-29 08:43:08.629,1.0599999999999454,1.5247191496093921,1.53,0.0,0.0,273351517,-0.005280850390607883,0.005280850390607883,0.003451536203011688
XAUUSD.a,310424431,buy,0.01,4038.02,4038.07,2026-07-29 08:50:50.756,0.0500000000001819,0.07192071460448195,0.07,0.0,0.0,273352920,0.0019207146044819406,0.0019207146044819406,0.02743878006402772
XAUUSD.a,310426390,buy,0.01,4036.9500000000003,4045.87,2026-07-29 17:13:15.600,8.919999999999618,12.84858262272358,12.87,0.0,0.0,273536260,-0.021417377276419458,0.021417377276419458,0.0016641318785096705
USDJPY.a,310450224,sell,0.01,163.654,163.469,2026-07-30 02:05:18.375,185.00000000000225,1.629693700703071,1.63,0.0,-0.49,273716282,-0.00030629929692893576,0.00030629929692893576,0.0001879136790975066
XAUUSD.a,310997998,sell,0.01,4088.27,4077.37,2026-07-30 02:35:18.369,10.900000000000091,15.663845258453577,15.66,0.0,0.0,273721865,0.003845258453576861,0.003845258453576861,0.00024554651683121717
USDJPY.a,311003556,sell,0.05,163.47,163.471,2026-07-30 05:17:13.640,-5.000000000023874,-0.04394504605075268,-0.04,0.0,0.0,273757016,-0.0039450460507526805,0.0039450460507526805,0.098626151268817
XAUUSD.a,311004390,buy,0.01,4077.28,4077.52,2026-07-30 10:25:19.945,0.23999999999978172,0.3451648161994214,0.34,0.0,0.0,273851319,0.005164816199421385,0.005164816199421385,0.015190635880651131
XAUUSD.a,311004502,buy,0.01,4075.2099999999996,4075.99,2026-07-30 02:38:54.009,0.7800000000002001,1.1208990184951213,1.12,0.0,0.0,273722476,0.0008990184951211955,0.0008990184951211955,0.0008026950849296387
XAUUSD.a,311007320,buy,0.01,4072.49,4072.51,2026-07-30 09:51:29.701,0.020000000000436557,0.02877615032723743,0.03,0.0,0.0,273838556,-0.0012238496727625704,0.0012238496727625704,0.04079498909208568
USDJPY.a,311040598,buy,0.05,163.472,163.609,2026-07-30 06:31:19.080,685.0000000000023,6.024882928153657,6.03,0.0,0.0,273778684,-0.005117071846343357,0.005117071846343357,0.0008486022962426794
USDJPY.a,311140278,buy,0.05,162.743,162.914,2026-07-30 12:07:41.898,854.9999999999615,7.512699991978074,7.52,0.0,0.0,273877599,-0.007300008021925208,0.007300008021925208,0.0009707457475964373
USDJPY.a,311260372,buy,0.02,159.739,160.519,2026-07-31 00:41:35.645,1560.0000000000023,13.910261232480325,13.83,0.0,0.06,274115173,0.0802612324803249,0.0802612324803249,0.00580341521911243
USDJPY.a,311628267,buy,0.02,158.889,159.892,2026-07-31 09:44:53.060,2005.9999999999718,17.768806103452135,17.85,0.0,0.0,274248528,-0.08119389654786602,0.08119389654786602,0.004548677677751597
USDJPY.a,312487931,buy,0.05,157.353,157.479,2026-08-04 01:20:42.355,630.0000000000239,5.727509806607053,5.71,0.0,0.0,274910856,0.017509806607052703,0.017509806607052703,0.003066516043266673
USDJPY.a,312488458,buy,0.05,157.375,157.481,2026-08-04 01:20:41.646,529.9999999999727,4.8183812658753435,4.8100000000000005,0.0,0.0,274910854,0.008381265875343047,0.008381265875343047,0.0017424669179507371
USDJPY.a,312531699,buy,0.05,157.682,157.72,2026-08-04 06:44:50.978,190.00000000005457,1.7172722702651646,1.72,0.0,0.0,274979680,-0.0027277297348353713,0.0027277297348353713,0.001585889380718239
XAUUSD.a,312532428,buy,0.01,4057.4200000000005,4062.68,2026-08-04 02:40:36.973,5.259999999999309,7.5147151265776735,7.5,0.0,0.0,274930589,0.014715126577673487,0.014715126577673487,0.0019620168770231317
XAUUSD.a,312541692,buy,0.01,4061.75,4063.31,2026-08-04 07:01:04.846,1.5599999999999454,2.2238061297219462,2.22,0.0,0.0,274983664,0.00380612972194605,0.00380612972194605,0.0017144728477234458
XAUUSD.a,312550769,buy,0.01,4053.1,4057.78,2026-08-04 04:22:48.561,4.680000000000291,6.685714285714702,6.67,0.0,0.0,274947577,0.01571428571470168,0.01571428571470168,0.0023559648747678683
XAUUSD.a,312631691,buy,0.01,4063.18,4089.67,2026-08-04 13:24:11.727,26.490000000000236,37.698525644675016,37.64,0.0,0.0,275119158,0.05852564467501509,0.05852564467501509,0.0015548789764881798
XAUUSD.a,312722231,sell,0.01,4100.09,4071.64,2026-08-04 23:20:36.009,28.450000000000273,40.37751915980737,40.36,0.0,0.42,275298135,0.017519159807370954,0.017519159807370954,0.0004340723440874865
XAUUSD.a,313104508,buy,0.01,4067.09,4068.81,2026-08-04 23:28:16.164,1.7199999999998,2.44110133408998,2.44,0.0,0.0,275299726,0.0011013340899799218,0.0011013340899799218,0.0004513664303196401
XAUUSD.a,313106183,sell,0.01,4068.9099999999994,4068.23,2026-08-04 23:34:31.847,0.6799999999993815,0.9650865739417848,0.96,0.0,0.0,275300635,0.0050865739417848,0.0050865739417848,0.0052985145226925
XAUUSD.a,313107139,sell,0.01,4069.32,4068.14,2026-08-04 23:36:48.611,1.180000000000291,1.6747090547832686,1.67,0.0,0.0,275300832,0.0047090547832686624,0.0047090547832686624,0.0028197932833944088
XAUUSD.a,313107607,sell,0.01,4068.77,4302.96,2026-08-06 01:01:48.363,-234.19000000000008,-331.84549112962657,-331.76,0.0,1.22,275779875,-0.08549112962657546,0.08549112962657546,0.00025768968418909895
USDJPY.a,313108478,sell,0.05,157.802,157.777,2026-08-04 23:47:04.219,125.00000000002842,1.1244643764623505,1.12,0.0,0.0,275301866,0.004464376462350428,0.004464376462350428,0.003986050412812882
XAUUSD.a,313110934,sell,0.01,4071.6,4070.84,2026-08-05 00:00:34.250,0.7599999999997635,1.0786261708767577,1.08,0.0,0.0,275303424,-0.0013738291232423538,0.0013738291232423538,0.0012720640030021795
XAUUSD.a,313114930,sell,0.01,4073.24,4072.6,2026-08-05 00:05:46.548,0.6399999999998727,0.9083167754752663,0.91,0.0,0.0,275304449,-0.0016832245247336841,0.0016832245247336841,0.0018496972799271253
XAUUSD.a,313115962,sell,0.01,4073.35,4072.53,2026-08-05 00:09:58.664,0.819999999999709,1.1637808685775035,1.16,0.0,0.0,275305144,0.0037808685775035933,0.0037808685775035933,0.003259369463365167
XAUUSD.a,313117678,sell,0.01,4072.5,4072.2,2026-08-05 00:12:33.136,0.3000000000001819,0.42577348850437396,0.43,0.0,0.0,275305553,-0.004226511495626029,0.004226511495626029,0.009829096501455881
XAUUSD.a,313118166,sell,0.01,4073.0200000000004,4072.05,2026-08-05 00:14:20.635,0.9700000000002547,1.376667612830336,1.38,0.0,0.0,275305712,-0.0033323871696639973,0.0033323871696639973,0.002414773311350723
XAUUSD.a,313124893,sell,0.01,4080.34,4079.51,2026-08-05 00:32:02.049,0.8299999999999272,1.1779398824897493,1.18,0.0,0.0,275309521,-0.002060117510250592,0.002060117510250592,0.0017458622968225357
XAUUSD.a,313126365,sell,0.01,4080.67,4079.9,2026-08-05 00:41:05.493,0.7699999999999818,1.0927876018279097,1.09,0.0,0.0,275311252,0.0027876018279096026,0.0027876018279096026,0.002557432869641837
XAUUSD.a,313128948,sell,0.01,4080.24,4079.36,2026-08-05 00:42:27.921,0.8799999999996544,1.248900116374293,1.25,0.0,0.0,275311504,-0.00109988362570701,0.00109988362570701,0.0008799069005656079
XAUUSD.a,313129274,sell,0.01,4080.0499999999997,4079.15,2026-08-05 00:44:10.750,0.8999999999996362,1.2772842099282395,1.28,0.0,0.0,275311690,-0.002715790071760482,0.002715790071760482,0.0021217109935628767
XAUUSD.a,313132222,sell,0.01,4080.8600000000006,4079.16,2026-08-05 01:02:26.316,1.7000000000007276,2.4126479520886828,2.41,0.0,0.0,275315820,0.0026479520886826258,0.0026479520886826258,0.0010987353065073134
XAUUSD.a,313139475,sell,0.01,4082.85,4081.85,2026-08-05 01:09:28.958,1.0,1.4192046776986176,1.42,0.0,0.0,275317229,-0.0007953223013823507,0.0007953223013823507,0.0005600861277340498
XAUUSD.a,313140422,sell,0.01,4083.22,4081.29,2026-08-05 01:33:47.809,1.9299999999998363,2.7396871362459705,2.74,0.0,0.0,275323400,-0.0003128637540297241,0.0003128637540297241,0.00011418385183566573
XAUUSD.a,313152615,sell,0.01,4088.55,4088.34,2026-08-05 01:37:35.034,0.21000000000003638,0.2981006728558561,0.3,0.0,0.0,275324690,-0.0018993271441438697,0.0018993271441438697,0.006331090480479566
XAUUSD.a,313154335,sell,0.01,4089.2899999999995,4091.03,2026-08-05 01:41:07.748,-1.7400000000006912,-2.469977003663361,-2.4699999999999998,0.0,0.0,275325803,2.29963366389363e-05,2.29963366389363e-05,9.310257748557207e-06
XAUUSD.a,313941621,sell,0.01,4268.52,4243.5,2026-08-06 23:09:28.631,25.020000000000437,35.57312252964489,35.59,0.0,0.41,276159911,-0.016877470355112223,0.016877470355112223,0.0004742194536418157
XAUUSD.a,314211673,buy,0.01,4232.04,4233.6,2026-08-07 00:50:40.609,1.5600000000004002,2.218430034130262,2.22,0.0,0.0,276176378,-0.0015699658697383434,0.0015699658697383434,0.00070719183321547
XAUUSD.a,314211676,buy,0.01,4232.2,4233.93,2026-08-07 00:50:41.859,1.730000000000473,2.460182025029114,2.46,0.0,0.0,276176394,0.00018202502911401908,0.00018202502911401908,7.39939142739915e-05
XAUUSD.a,314276547,sell,0.01,4272.92,4271.75,2026-08-07 05:42:12.685,1.1700000000000728,1.664603696273952,1.6600000000000001,0.0,0.0,276237017,0.004603696273951963,0.004603696273951963,0.0027733110084047965
XAUUSD.a,314281442,sell,0.01,4279.33,4277.9,2026-08-07 05:52:17.023,1.430000000000291,2.0345156287795625,2.03,0.0,0.0,276239198,0.004515628779562686,0.004515628779562686,0.002224447674661422
USDJPY.a,314475372,buy,0.05,157.456,157.459,2026-08-07 13:31:57.495,15.000000000071623,0.1345301570192102,0.13,0.0,0.0,276421155,0.004530157019210196,0.004530157019210196,0.03484736168623227
XAUUSD.a,314475812,sell,0.01,4351.22,4350.01,2026-08-07 13:06:49.108,1.2100000000000364,1.7195560418946898,1.71,0.0,0.0,276407726,0.009556041894689837,0.009556041894689837,0.00558832859338587
XAUUSD.a,314479018,sell,0.01,4351.02,4348.5,2026-08-07 13:13:34.966,2.5200000000004366,3.5812241533679656,3.57,0.0,0.0,276410525,0.011224153367965783,0.011224153367965783,0.00314402055125092
XAUUSD.a,314481007,sell,0.01,4348.38,4344.47,2026-08-07 13:17:34.015,3.9099999999998545,5.553188467547018,5.53,0.0,0.0,276412308,0.02318846754701731,0.02318846754701731,0.0041932129379778135
XAUUSD.a,314483258,sell,0.01,4340.99,4324.1,2026-08-10 01:15:38.774,16.889999999999418,23.90692012625716,23.92,0.0,0.41,276613517,-0.013079873742842807,0.013079873742842807,0.0005468174641656691
XAUUSD.a,314492948,sell,0.01,4357.01,4353.32,2026-08-07 13:34:07.224,3.6900000000005093,5.240732850448103,5.22,0.0,0.0,276423026,0.02073285044810369,0.02073285044810369,0.003971810430671205
XAUUSD.a,314495995,sell,0.01,4352.94,4344.28,2026-08-07 13:58:45.377,8.659999999999854,12.299389291293645,12.27,0.0,0.0,276439282,0.029389291293645314,0.029389291293645314,0.0023952152643557712
USDJPY.a,314512072,buy,0.05,157.733,158.273,2026-08-10 01:59:53.084,2699.9999999999604,24.24619288560213,24.15,0.0,0.14,276626290,0.09619288560213235,0.09619288560213235,0.0039831422609578615
XAUUSD.a,314742112,sell,0.01,4322.1,4318.55,2026-08-14 01:27:58.909,3.550000000000182,5.031393058095131,5.03,0.0,2.55,278270530,0.0013930580951306837,0.0013930580951306837,0.00027694991950908223
XAUUSD.a,316852342,buy,0.01,4356.88,4356.91,2026-08-13 22:31:08.128,0.02999999999974534,0.042509777248406364,0.04,0.0,0.0,278226914,0.0025097772484063627,0.0025097772484063627,0.06274443121015906
XAUUSD.a,316930264,sell,0.01,4326.83,4325.43,2026-08-14 04:37:19.684,1.3999999999996362,1.9825535289447662,1.98,0.0,0.0,278306624,0.002553528944766237,0.002553528944766237,0.0012896610832152712
XAUUSD.a,317001085,sell,0.01,4348.89,4343.06,2026-08-18 22:11:11.618,5.829999999999927,8.226678143564603,8.23,0.0,1.25,279418944,-0.0033218564353969526,0.0033218564353969526,0.00040362775642733325
USDJPY.a,317355466,buy,0.01,159.042,159.054,2026-08-17 01:03:07.974,12.000000000000455,0.10632476532998095,0.11,0.0,0.0,278649736,-0.0036752346700190536,0.0036752346700190536,0.03341122427290049
USDJPY.a,318214728,sell,0.01,159.607,159.601,2026-08-18 22:56:38.318,6.000000000000227,0.053064207615157656,0.05,0.0,0.0,279423831,0.0030642076151576533,0.0030642076151576533,0.06128415230315307
XAUUSD.a,318287158,sell,0.01,4355.39,4353.78,2026-08-19 02:55:12.384,1.610000000000582,2.2728876967608977,2.27,0.0,0.0,279484206,0.002887696760897729,0.002887696760897729,0.0012721131105276338
XAUUSD.a,318291221,sell,0.01,4353.48,4353.54,2026-08-19 03:21:56.640,-0.06000000000040018,-0.08473140145794524,-0.08,0.0,0.0,279488846,-0.0047314014579452335,0.0047314014579452335,0.05914251822431542
XAUUSD.a,318297947,sell,0.01,4357.6,4356.28,2026-08-19 03:55:30.017,1.3200000000006185,1.8640908320632357,1.87,0.0,0.0,279493104,-0.005909167936764437,0.005909167936764437,0.0031599828538847255
USDJPY.a,318805536,buy,0.01,158.149,158.205,2026-08-19 23:14:33.763,56.000000000011596,0.49662889371163665,0.5,0.0,0.0,279906729,-0.003371106288363346,0.003371106288363346,0.006742212576726692
USDJPY.a,318805545,buy,0.03,158.149,158.213,2026-08-19 23:25:31.957,191.99999999997885,1.7041488181440094,1.7,0.0,0.0,279908044,0.00414881814400947,0.00414881814400947,0.002440481261182041
XAUUSD.a,318821324,sell,0.01,4514.26,4512.3,2026-08-19 23:59:05.484,1.9600000000000364,2.7512247161045416,2.75,0.0,0.0,279912195,0.0012247161045415567,0.0012247161045415567,0.0004453513107423842
XAUUSD.a,318824763,sell,0.01,4516.36,4511.85,2026-08-20 00:31:18.977,4.509999999999309,6.330268790791366,6.33,0.0,0.0,279920387,0.00026879079136588047,0.00026879079136588047,4.24630002157789e-05
XAUUSD.a,318837643,buy,0.01,4505.81,4506.01,2026-08-20 00:57:04.513,0.1999999999998181,0.2807214541368771,0.28,0.0,0.0,279925732,0.0007214541368770755,0.0007214541368770755,0.0025766219174181266
XAUUSD.a,318839553,sell,0.01,4506.94,4493.54,2026-08-20 01:04:35.671,13.399999999999636,18.80833742718736,18.83,0.0,0.0,279929999,-0.021662572812637393,0.021662572812637393,0.001150428720798587
XAUUSD.a,318845213,buy,0.01,4494.32,4495.13,2026-08-20 01:11:19.586,0.8100000000004002,1.136921889255948,1.1400000000000001,0.0,0.0,279932940,-0.003078110744052065,0.003078110744052065,0.0027000971439053198
XAUUSD.a,318846183,buy,0.01,4493.79,4494.91,2026-08-20 01:15:13.382,1.1199999999998909,1.5720401431677884,1.5699999999999998,0.0,0.0,279933961,0.002040143167788555,0.002040143167788555,0.0012994542469990798
XAUUSD.a,318847751,sell,0.01,4498.82,4496.82,2026-08-20 01:37:40.622,2.0,2.808515418749649,2.81,0.0,0.0,279940598,-0.0014845812503510025,0.0014845812503510025,0.0005283207296622785
XAUUSD.a,318854304,sell,0.01,4497.49,4494.93,2026-08-20 01:44:21.124,2.5599999999994907,3.5948997359988355,3.6,0.0,0.0,279942162,-0.0051002640011645894,0.0051002640011645894,0.001416740000323497
XAUUSD.a,318857800,buy,0.01,4489.19,4487.99,2026-08-20 01:53:36.271,-1.199999999999818,-1.685109251249534,-1.69,0.0,0.0,279944956,0.004890748750465912,0.004890748750465912,0.0028939341718733206
XAUUSD.a,318858525,buy,0.01,4486.16,4486.92,2026-08-20 01:55:35.256,0.7600000000002183,1.0672358591251732,1.07,0.0,0.0,279945932,-0.0027641408748269036,0.0027641408748269036,0.00258330922881019
XAUUSD.a,318862053,sell,0.01,4495.78,4495.83,2026-08-20 02:09:59.635,-0.0500000000001819,-0.07021288546899666,-0.07,0.0,0.0,279950054,-0.00021288546899665695,0.00021288546899665695,0.0030412209856665274
XAUUSD.a,318866818,buy,0.01,4489.83,4494.1,2026-08-20 02:25:02.133,4.270000000000437,5.99340304582839,6.0,0.0,0.0,279953358,-0.006596954171610214,0.006596954171610214,0.0010994923619350356
XAUUSD.a,318873859,sell,0.01,4495.02,4491.13,2026-08-20 03:10:07.827,3.8900000000003274,5.460032282967685,5.47,0.0,0.0,279960917,-0.009967717032314916,0.009967717032314916,0.0018222517426535495
XAUUSD.a,318878873,sell,0.01,4495.27,4491.12,2026-08-20 04:29:25.817,4.150000000000546,5.831354419886388,5.83,0.0,0.0,279972858,0.0013544198863879586,0.0013544198863879586,0.00023231901996362926
USDJPY.a,318883643,buy,0.01,158.464,158.466,2026-08-20 04:30:21.943,2.0000000000095497,0.017741065911046832,0.02,0.0,0.0,279973228,-0.0022589340889531684,0.0022589340889531684,0.11294670444765842
USDJPY.a,318899885,sell,0.05,158.588,158.712,2026-08-20 05:39:21.478,-619.9999999999762,-5.496602961954228,-5.49,0.0,0.0,279986356,-0.006602961954227382,0.006602961954227382,0.0012027253104239311
XAUUSD.a,318905001,buy,0.01,4480.46,4481.07,2026-08-20 05:42:41.427,0.6099999999996726,0.8573436401963072,0.86,0.0,0.0,279986933,-0.0026563598036928315,0.0026563598036928315,0.0030887904694102694
XAUUSD.a,318911754,sell,0.01,4489.97,4488.2,2026-08-20 07:05:23.541,1.7700000000004366,2.488051728985713,2.49,0.0,0.0,280006111,-0.001948271014287073,0.001948271014287073,0.000782438158348222
XAUUSD.a,318927367,sell,0.01,4489.82,4488.98,2026-08-20 07:13:05.227,0.8400000000001455,1.1807703120609299,1.18,0.0,0.0,280007811,0.000770312060929923,0.000770312060929923,0.000652806831296545
XAUUSD.a,318980722,sell,0.01,4489.5,4487.33,2026-08-20 11:09:10.356,2.1700000000000728,3.0467258227564766,3.05,0.0,0.0,280071383,-0.003274177243523191,0.003274177243523191,0.001073500735581374
XAUUSD.a,319000931,buy,0.01,4482.23,4485.37,2026-08-20 11:23:19.121,3.1400000000003274,4.408007412191267,4.41,0.0,0.0,280076686,-0.001992587808732793,0.001992587808732793,0.0004518339702341934
XAUUSD.a,319020504,buy,0.01,4475.1,4483.51,2026-08-20 13:01:52.294,8.409999999999854,11.805331349401108,11.81,0.0,0.0,280135714,-0.004668650598892654,0.004668650598892654,0.00039531334452943726
XAUUSD.a,319023532,buy,0.01,4468.74,4473.91,2026-08-20 12:52:41.978,5.170000000000073,7.257260770083905,7.27,0.0,0.0,280129944,-0.012739229916094885,0.012739229916094885,0.0017523012264229554
XAUUSD.a,319082837,buy,0.01,4477.74,4483.48,2026-08-20 13:35:17.454,5.739999999999782,8.052297850849815,8.06,0.0,0.0,280154434,-0.007702149150185633,0.007702149150185633,0.000955601631536679
XAUUSD.a,319251915,sell,0.01,4519.27,4519.09,2026-08-20 20:50:56.145,0.18000000000029104,0.253064897087351,0.25,0.0,0.0,280313780,0.003064897087351026,0.003064897087351026,0.012259588349404105
XAUUSD.a,319404211,sell,0.01,4520.71,4514.48,2026-08-21 00:35:01.849,6.230000000000473,8.758241603757009,8.74,0.0,0.42,280341974,0.018241603757008562,0.018241603757008562,0.0020871400179643665
XAUUSD.a,319434243,sell,0.01,4514.37,4511.92,2026-08-21 00:53:36.252,2.449999999999818,3.4442523160836997,3.44,0.0,0.0,280345397,0.004252316083699803,0.004252316083699803,0.0012361383964243613
XAUUSD.a,319592698,sell,0.01,4590.99,4582.74,2026-08-21 09:29:57.590,8.25,11.546697644473682,11.52,0.0,0.0,280499369,0.026697644473681947,0.026697644473681947,0.002317503860562669
