pattern_id,stop_atr,target_atr,rr,n_events,n_decided,chop_pct,undefined,hold_pct,base_pct,base_flat_pct,fair_pct,dev_pp,edge_R,z,p,folds_agree,fold_frac,survives_bh,beats_expected_max
tl_approach_resistance,1.0,3.0,3.0,663,662,0.2,0,15.26,25.93,25.69,25.0,-10.67,-0.4268,-6.29,3.0794249926399686e-10,0/4,0.0,True,True
tl_approach_support,0.6,1.6,2.67,789,789,0.0,0,34.98,26.28,26.01,27.27,8.7,0.3189,5.57,2.5445850703963646e-08,4/4,1.0,True,True
tl_approach_support,0.8,1.6,2.0,789,789,0.0,0,40.43,32.08,31.71,33.33,8.35,0.2506,5.05,4.432371092763692e-07,3/4,0.75,True,True
tl_approach_resistance,0.8,3.0,3.75,663,662,0.2,0,13.75,21.8,21.67,21.05,-8.05,-0.3826,-5.04,4.672919849855588e-07,0/4,0.0,True,True
tl_approach_support,0.6,1.2,2.0,789,789,0.0,0,39.04,31.77,31.55,33.33,7.26,0.2179,4.39,1.1141410792331367e-05,4/4,1.0,True,True
tl_approach_resistance,0.6,3.0,5.0,663,662,0.2,0,11.03,17.24,17.19,16.67,-6.21,-0.3726,-4.24,2.2105951214735724e-05,0/4,0.0,True,True
tl_approach_support,1.0,1.2,1.2,789,789,0.0,0,51.08,43.98,43.69,45.45,7.1,0.1562,4.04,5.445311526266634e-05,3/4,0.75,True,True
tl_approach_support,0.8,1.2,1.5,789,789,0.0,0,45.37,38.48,38.17,40.0,6.89,0.1723,3.99,6.518655774222165e-05,3/4,0.75,True,True
tl_approach_support,1.0,1.6,1.6,789,789,0.0,0,43.73,37.29,36.9,38.46,6.44,0.1674,3.76,0.00016938397146173284,3/4,0.75,True,True
tl_approach_resistance,0.4,3.0,7.5,663,663,0.0,0,7.54,12.18,12.19,11.76,-4.63,-0.3939,-3.66,0.00025372058392822037,0/4,0.0,True,True
tl_approach_support,0.6,0.8,1.33,789,789,0.0,0,46.01,40.41,40.23,42.86,5.59,0.1305,3.21,0.0013453754717234856,4/4,1.0,True,True
tl_approach_support,1.5,1.2,0.8,789,789,0.0,0,59.82,54.28,53.62,55.56,5.54,0.0997,3.15,0.0016579636578242516,2/4,0.5,True,True
tl_approach_resistance,1.0,1.2,1.2,663,663,0.0,0,40.27,46.17,45.86,45.45,-5.9,-0.1298,-3.05,0.0022571649903562227,1/4,0.25,True,True
tl_approach_support,0.6,2.0,3.33,789,789,0.0,0,26.87,22.48,22.05,23.08,4.39,0.1901,2.97,0.0030231089539050787,2/4,0.5,True,True
tl_approach_support,1.5,1.6,1.07,789,789,0.0,0,51.84,47.01,46.33,48.39,4.82,0.0997,2.74,0.006153616955090851,2/4,0.5,True,True
tl_approach_resistance,1.0,2.0,2.0,663,663,0.0,0,30.17,34.96,34.55,33.33,-4.79,-0.1437,-2.6,0.009441490853081456,1/4,0.25,True,True
tl_approach_support,0.4,1.6,4.0,789,789,0.0,0,22.43,18.9,18.77,20.0,3.54,0.1768,2.54,0.01097640091923324,3/4,0.75,True,True
tl_approach_support,0.8,0.8,1.0,789,789,0.0,0,52.34,47.93,47.67,50.0,4.41,0.0883,2.49,0.01289657477897554,3/4,0.75,True,True
tl_approach_support,1.0,0.8,0.8,789,789,0.0,0,58.05,53.69,53.5,55.56,4.36,0.0784,2.46,0.013894118323362938,3/4,0.75,True,True
tl_approach_resistance,1.5,3.0,2.0,663,662,0.2,0,29.61,34.05,33.67,33.33,-4.45,-0.1334,-2.43,0.014925241667241802,1/4,0.25,True,True
tl_approach_resistance,0.8,1.2,1.5,663,663,0.0,0,35.6,40.18,40.04,40.0,-4.58,-0.1146,-2.41,0.01589124103824556,0/4,0.0,True,True
tl_approach_support,0.6,3.0,5.0,789,786,0.4,0,19.59,16.63,16.13,16.67,2.96,0.1778,2.24,0.024907838661342795,2/4,0.5,False,False
tl_approach_resistance,1.5,0.8,0.53,663,663,0.0,0,62.14,65.85,65.29,65.22,-3.71,-0.0569,-2.02,0.04344577097890014,2/4,0.5,False,False
tl_approach_resistance,1.0,1.6,1.6,663,663,0.0,0,35.75,39.57,39.18,38.46,-3.82,-0.0994,-2.02,0.043511611172397324,1/4,0.25,False,False
tl_approach_resistance,0.8,0.8,1.0,663,663,0.0,0,45.55,49.35,49.0,50.0,-3.8,-0.0761,-1.96,0.04978400440445006,2/4,0.5,False,False
tl_approach_support,1.0,3.0,3.0,789,786,0.4,0,27.74,24.88,24.29,25.0,2.86,0.1142,1.87,0.06179219857464198,2/4,0.5,False,False
tl_approach_support,0.8,2.0,2.5,789,789,0.0,0,30.54,27.59,26.98,28.57,2.96,0.1036,1.87,0.061267329381743334,2/4,0.5,False,False
tl_approach_support,0.8,3.0,3.75,789,786,0.4,0,23.54,20.85,20.23,21.05,2.69,0.1277,1.87,0.06177828517926222,2/4,0.5,False,False
tl_approach_resistance,1.0,0.8,0.8,663,663,0.0,0,52.04,55.47,54.97,55.56,-3.44,-0.0619,-1.78,0.07443139105810202,2/4,0.5,False,False
tl_approach_support,1.5,0.8,0.53,789,789,0.0,0,66.67,63.62,63.3,65.22,3.04,0.0467,1.78,0.07454127164894721,2/4,0.5,False,False
tl_approach_resistance,0.8,2.0,2.5,663,663,0.0,0,26.85,29.85,29.6,28.57,-3.0,-0.105,-1.69,0.09054599754413833,1/4,0.25,False,False
tl_approach_resistance,1.5,1.2,0.8,663,663,0.0,0,53.39,56.4,55.98,55.56,-3.0,-0.054,-1.56,0.11784620986030514,1/4,0.25,False,False
tl_approach_resistance,0.4,1.6,4.0,663,663,0.0,0,22.02,19.67,19.66,20.0,2.35,0.1175,1.52,0.1273834111562419,3/4,0.75,False,False
tl_approach_resistance,0.8,1.6,2.0,663,663,0.0,0,31.37,34.01,33.78,33.33,-2.64,-0.0791,-1.44,0.15103718838920593,1/4,0.25,False,False
tl_approach_support,0.4,0.8,2.0,789,789,0.0,0,32.83,30.62,30.48,33.33,2.21,0.0662,1.35,0.17802755020965047,3/4,0.75,False,False
tl_approach_support,0.4,2.0,5.0,789,789,0.0,0,17.74,16.0,15.8,16.67,1.75,0.1047,1.34,0.17980056684017298,2/4,0.5,False,False
tl_approach_resistance,0.4,2.0,5.0,663,663,0.0,0,18.7,16.88,16.81,16.67,1.82,0.1092,1.25,0.21010984826064516,4/4,1.0,False,False
tl_approach_support,0.4,1.2,3.0,789,789,0.0,0,25.22,23.39,23.3,25.0,1.83,0.0734,1.22,0.2223838111654509,3/4,0.75,False,False
tl_approach_resistance,0.6,1.2,2.0,663,663,0.0,0,31.52,33.04,33.02,33.33,-1.52,-0.0455,-0.83,0.4057374631085003,1/4,0.25,False,False
tl_approach_support,0.4,3.0,7.5,789,786,0.4,0,12.6,11.66,11.39,11.76,0.93,0.0794,0.82,0.4130711453812436,1/4,0.25,False,False
tl_approach_support,1.0,2.0,2.0,789,789,0.0,0,33.71,32.6,31.92,33.33,1.11,0.0334,0.67,0.5012943963340215,2/4,0.5,False,False
tl_approach_support,1.5,3.0,2.0,789,784,0.6,0,34.44,33.43,32.47,33.33,1.01,0.0302,0.61,0.5450876775501324,2/4,0.5,False,False
tl_approach_resistance,1.5,1.6,1.07,663,663,0.0,0,48.87,49.71,49.1,48.39,-0.84,-0.0173,-0.43,0.6646355737128372,2/4,0.5,False,False
tl_approach_resistance,0.6,0.8,1.33,663,663,0.0,0,40.57,41.38,41.1,42.86,-0.8,-0.0187,-0.42,0.6742110289725102,1/4,0.25,False,False
tl_approach_resistance,1.5,2.0,1.33,663,663,0.0,0,43.74,44.49,43.94,42.86,-0.75,-0.0175,-0.39,0.6963239543915112,2/4,0.5,False,False
tl_approach_resistance,0.4,1.2,3.0,663,663,0.0,0,24.59,24.06,24.18,25.0,0.52,0.0209,0.32,0.7525609460367804,2/4,0.5,False,False
tl_approach_support,1.5,2.0,1.33,789,789,0.0,0,41.57,42.11,41.12,42.86,-0.54,-0.0126,-0.31,0.756651192234207,2/4,0.5,False,False
tl_approach_resistance,0.6,2.0,3.33,663,663,0.0,0,23.38,23.86,23.71,23.08,-0.48,-0.021,-0.29,0.7694491098029597,1/4,0.25,False,False
tl_approach_resistance,0.6,1.6,2.67,663,663,0.0,0,27.45,27.53,27.38,27.27,-0.08,-0.0028,-0.04,0.9642870263288844,2/4,0.5,False,False
tl_approach_resistance,0.4,0.8,2.0,663,663,0.0,0,30.92,30.94,30.85,33.33,-0.02,-0.0007,-0.01,0.9900024718988507,1/4,0.25,False,False
