pattern_id,stop_atr,target_atr,rr,n_events,n_decided,chop_pct,undefined,hold_pct,base_pct,base_flat_pct,fair_pct,dev_pp,edge_R,gross_R,friction_R,net_R,z,p_binom,z_shift,p,p_perm,folds_agree,fold_frac,survives_bh,beats_expected_max
ddddd|aa,1.0,1.0,1.0,494,494,0.0,0,59.11,49.63,49.43,50.0,9.48,0.1896,0.1822,0.0994,0.0828,4.22,2.4779410576400506e-05,4.45,8.528077061774353e-06,0.004975124378109453,4/4,1.0,True,True
aaaaa|cc,0.5,2.0,4.0,503,503,0.0,0,12.92,19.46,19.37,20.0,-6.53,-0.3267,-0.3539,0.1992,-0.5531,-3.71,0.00021115431568394236,-4.19,2.7422335011139844e-05,0.004975124378109453,0/4,0.0,True,True
aaaaa|cc,0.5,1.0,2.0,503,503,0.0,0,24.45,32.25,32.15,33.33,-7.79,-0.2338,-0.2664,0.1992,-0.4656,-3.74,0.00018253272304896104,-4.06,4.953895595028568e-05,0.004975124378109453,0/4,0.0,True,True
ddddd|cc,0.5,1.0,2.0,1389,1389,0.0,0,27.36,32.33,32.15,33.33,-4.97,-0.1491,-0.1793,0.2005,-0.3798,-3.96,7.368143470228171e-05,-3.95,7.871555013689758e-05,0.004975124378109453,0/4,0.0,True,True
aaaba|ca,1.0,3.0,3.0,428,428,0.0,0,31.31,24.28,24.3,25.0,7.02,0.2809,0.2523,0.1034,0.1489,3.4,0.0006858886740367927,3.49,0.0004889736612512384,0.004975124378109453,4/4,1.0,True,True
ddddd|cc,0.5,2.0,4.0,1389,1389,0.0,0,16.05,19.5,19.37,20.0,-3.44,-0.1722,-0.1973,0.2005,-0.3978,-3.24,0.0011822053351275862,-3.04,0.0023945959134452086,0.009950248756218905,0/4,0.0,False,False
bbbbb|bb,0.5,2.0,4.0,619,619,0.0,0,24.07,19.28,19.37,20.0,4.79,0.2397,0.2036,0.2243,-0.0207,3.03,0.0024747719525782096,2.94,0.0033113814338092493,0.004975124378109453,3/4,0.75,False,False
aaaba|ca,0.5,3.0,6.0,428,428,0.0,0,17.99,13.67,13.67,14.29,4.32,0.3023,0.2593,0.2068,0.0526,2.6,0.009219335357985477,2.83,0.0045848316957517775,0.009950248756218905,4/4,1.0,False,False
cccbb|ab,0.5,3.0,6.0,389,389,0.0,0,18.77,13.64,13.67,14.29,5.12,0.3587,0.3136,0.2257,0.0879,2.95,0.0032015516794665438,2.83,0.004629109114820375,0.01990049751243781,3/4,0.75,False,False
aaaaa|cc,1.0,2.0,2.0,503,503,0.0,0,27.63,32.78,32.7,33.33,-5.15,-0.1544,-0.171,0.0996,-0.2706,-2.46,0.013771068725854249,-2.8,0.005090165966055884,0.009950248756218905,0/4,0.0,False,False
ddddd|aa,1.0,2.0,2.0,494,493,0.2,0,38.54,32.89,32.7,33.33,5.65,0.1695,0.1562,0.0994,0.0568,2.67,0.00749342888557673,2.74,0.006154811124055631,0.004975124378109453,4/4,1.0,False,False
aaaaa|cc,0.5,3.0,6.0,503,503,0.0,0,9.54,13.59,13.67,14.29,-4.05,-0.2834,-0.332,0.1992,-0.5312,-2.65,0.007997453198539773,-2.71,0.006818074541148527,0.009950248756218905,0/4,0.0,False,False
ddddd|cc,0.5,3.0,6.0,1389,1387,0.1,0,11.03,13.69,13.67,14.29,-2.66,-0.1859,-0.2278,0.2005,-0.4283,-2.88,0.003977646429798462,-2.69,0.0071468108231242874,0.009950248756218905,1/4,0.25,False,False
baaaa|aa,0.5,2.0,4.0,407,407,0.0,0,24.08,19.36,19.37,20.0,4.72,0.2361,0.2039,0.2002,0.0037,2.41,0.015832605536183205,2.61,0.008926246209261057,0.009950248756218905,4/4,1.0,False,False
aaaba|ca,0.5,1.0,2.0,428,428,0.0,0,38.08,32.26,32.15,33.33,5.83,0.1748,0.1425,0.2068,-0.0643,2.58,0.009866563960352152,2.61,0.009117854265315048,0.014925373134328358,4/4,1.0,False,False
aaaaa|cb,1.0,2.0,2.0,935,934,0.0,1,36.4,32.63,32.7,33.33,3.78,0.1133,0.0921,0.0997,-0.0076,2.46,0.013750006201295326,2.6,0.009420667345869395,0.01990049751243781,4/4,1.0,False,False
cccbb|ab,1.0,3.0,3.0,389,389,0.0,0,30.08,24.12,24.3,25.0,5.96,0.2383,0.2031,0.1129,0.0902,2.75,0.005922480979093392,2.59,0.009492495614233555,0.004975124378109453,3/4,0.75,False,False
aaaaa|bc,1.0,3.0,3.0,904,891,1.4,0,20.09,24.13,24.3,25.0,-4.04,-0.1618,-0.1964,0.1009,-0.2973,-2.83,0.004695330999191417,-2.58,0.00974499592388501,0.009950248756218905,1/4,0.25,False,False
aaaaa|cb,1.0,1.0,1.0,935,934,0.0,1,53.32,49.49,49.43,50.0,3.83,0.0766,0.0664,0.0997,-0.0333,2.34,0.01920061514511723,2.46,0.01376622736685106,0.03482587064676617,4/4,1.0,False,False
aaaaa|cc,1.0,1.0,1.0,503,503,0.0,0,43.94,49.52,49.43,50.0,-5.59,-0.1118,-0.1213,0.0996,-0.2209,-2.51,0.012119355008337475,-2.44,0.014513877592584467,0.009950248756218905,1/4,0.25,False,False
cccbb|ab,0.5,2.0,4.0,389,389,0.0,0,24.16,19.24,19.37,20.0,4.92,0.246,0.2082,0.2257,-0.0175,2.46,0.013767258681704466,2.38,0.017377633340952325,0.014925373134328358,3/4,0.75,False,False
aaaba|ca,1.0,2.0,2.0,428,428,0.0,0,38.08,32.77,32.7,33.33,5.32,0.1595,0.1425,0.1034,0.0391,2.35,0.018988140841109395,2.36,0.018037498029100582,0.029850746268656716,4/4,1.0,False,False
aaaba|ca,0.5,2.0,4.0,428,428,0.0,0,23.83,19.43,19.37,20.0,4.4,0.2202,0.1916,0.2068,-0.0152,2.3,0.021193429499213958,2.35,0.018757165696943842,0.009950248756218905,4/4,1.0,False,False
aaaba|ca,1.0,1.0,1.0,428,428,0.0,0,55.14,49.53,49.43,50.0,5.61,0.1121,0.1028,0.1034,-0.0006,2.32,0.020240950955767698,2.33,0.019750442754608168,0.03482587064676617,3/4,0.75,False,False
baaaa|aa,0.5,3.0,6.0,407,406,0.2,0,17.24,13.63,13.67,14.29,3.61,0.2529,0.2069,0.2002,0.0067,2.12,0.033675895290412795,2.32,0.02045876875048758,0.029850746268656716,4/4,1.0,False,False
aaaaa|ac,0.5,1.0,2.0,1502,1502,0.0,0,30.03,32.27,32.15,33.33,-2.24,-0.0673,-0.0992,0.1991,-0.2983,-1.86,0.06283840835657856,-2.25,0.024345163214663724,0.024875621890547265,0/4,0.0,False,False
ddddd|ba,0.5,3.0,6.0,933,931,0.2,0,16.11,13.67,13.67,14.29,2.44,0.1709,0.1278,0.2005,-0.0727,2.17,0.029961190761317914,2.25,0.02423797016565647,0.024875621890547265,4/4,1.0,False,False
aaaab|cc,1.0,3.0,3.0,376,376,0.0,0,29.79,24.4,24.3,25.0,5.39,0.2156,0.1915,0.102,0.0895,2.44,0.01475938621628682,2.24,0.025343517569232265,0.024875621890547265,4/4,1.0,False,False
ccccb|ba,1.0,1.0,1.0,405,405,0.0,0,54.57,49.3,49.43,50.0,5.27,0.1054,0.0914,0.1142,-0.0228,2.12,0.0337609083062933,2.18,0.029412554604407743,0.029850746268656716,4/4,1.0,False,False
cbbbb|bb,1.0,1.0,1.0,350,350,0.0,0,55.14,49.26,49.43,50.0,5.89,0.1177,0.1029,0.1105,-0.0077,2.2,0.02751234393310733,2.16,0.031142832552384883,0.03980099502487562,4/4,1.0,False,False
ddddd|bc,0.5,1.0,2.0,1482,1482,0.0,0,29.82,32.24,32.15,33.33,-2.42,-0.0726,-0.1053,0.2048,-0.31,-1.99,0.046131034114990026,-2.11,0.034494411775122566,0.05472636815920398,1/4,0.25,False,False
cccbb|ab,1.0,2.0,2.0,389,389,0.0,0,37.53,32.45,32.7,33.33,5.08,0.1523,0.126,0.1129,0.0131,2.14,0.032248231151513984,2.06,0.039382669316802794,0.024875621890547265,3/4,0.75,False,False
aaaaa|cc,1.0,3.0,3.0,503,497,1.2,0,20.52,24.21,24.3,25.0,-3.69,-0.1476,-0.1791,0.0996,-0.2787,-1.92,0.054324411460042334,-2.05,0.04047627357931043,0.03482587064676617,0/4,0.0,False,False
ddddc|ba,1.0,1.0,1.0,539,539,0.0,0,54.36,49.51,49.43,50.0,4.85,0.0969,0.0872,0.1041,-0.0169,2.25,0.02427814435201395,2.04,0.040940252863423544,0.03482587064676617,4/4,1.0,False,False
cbbbb|bb,1.0,2.0,2.0,350,350,0.0,0,38.0,32.65,32.7,33.33,5.35,0.1604,0.14,0.1105,0.0295,2.14,0.03269669317054664,2.03,0.04263218886776688,0.03980099502487562,4/4,1.0,False,False
bbbbb|bb,0.5,3.0,6.0,619,619,0.0,0,16.64,13.66,13.67,14.29,2.98,0.2089,0.1648,0.2243,-0.0595,2.16,0.030421643751482312,2.0,0.04543819504757476,0.04477611940298507,4/4,1.0,False,False
ddddd|aa,0.5,1.0,2.0,494,494,0.0,0,36.44,32.31,32.15,33.33,4.13,0.124,0.0931,0.1987,-0.1056,1.97,0.04939483769207022,1.98,0.04717093723656432,0.07462686567164178,4/4,1.0,False,False
ccccb|ba,1.0,3.0,3.0,405,404,0.2,0,28.71,24.5,24.3,25.0,4.21,0.1686,0.1485,0.1142,0.0343,1.97,0.048432602690575,1.98,0.047551989450819634,0.04975124378109453,4/4,1.0,False,False
ddddd|aa,1.0,3.0,3.0,494,488,1.2,0,28.07,24.38,24.3,25.0,3.69,0.1476,0.123,0.0994,0.0236,1.9,0.05715654386755335,1.98,0.04799556038203042,0.03482587064676617,4/4,1.0,False,False
cdddd|cc,0.5,3.0,6.0,387,387,0.0,0,17.05,13.79,13.67,14.29,3.26,0.2282,0.1938,0.2062,-0.0124,1.86,0.06256766618896605,1.97,0.04928396376209034,0.04975124378109453,3/4,0.75,False,False
cdddd|ca,1.0,1.0,1.0,362,362,0.0,0,54.42,49.44,49.43,50.0,4.98,0.0996,0.0884,0.1023,-0.0139,1.9,0.05778539433204793,1.94,0.05237309940836702,0.03482587064676617,2/4,0.5,False,False
baaaa|aa,1.0,3.0,3.0,407,401,1.5,0,28.43,24.17,24.3,25.0,4.26,0.1703,0.1372,0.1001,0.0371,1.99,0.04608732681403026,1.94,0.05219760703647162,0.05472636815920398,4/4,1.0,False,False
ddddd|ac,1.0,2.0,2.0,1129,1128,0.1,0,30.05,32.79,32.7,33.33,-2.73,-0.082,-0.0984,0.1006,-0.199,-1.96,0.05019136399613958,-1.92,0.05427249485022628,0.05472636815920398,0/4,0.0,False,False
ccccb|ba,1.0,2.0,2.0,405,405,0.0,0,37.28,32.77,32.7,33.33,4.52,0.1355,0.1185,0.1142,0.0043,1.94,0.052492099528837904,1.91,0.05594288836057453,0.04975124378109453,4/4,1.0,False,False
aaaaa|cb,1.0,3.0,3.0,935,925,0.9,2,26.7,24.14,24.3,25.0,2.56,0.1024,0.0681,0.0997,-0.0316,1.82,0.0684283219012415,1.9,0.058075900088306015,0.04975124378109453,3/4,0.75,False,False
aaaaa|ba,1.0,2.0,2.0,1518,1518,0.0,0,34.78,32.68,32.7,33.33,2.1,0.063,0.0435,0.1036,-0.0601,1.75,0.08074189604999782,1.9,0.05785710848385408,0.04975124378109453,3/4,0.75,False,False
aaaaa|cb,0.5,2.0,4.0,935,935,0.0,0,21.5,19.35,19.37,20.0,2.15,0.1074,0.0749,0.1994,-0.1246,1.66,0.09612029910837688,1.89,0.05888162402104529,0.06467661691542288,4/4,1.0,False,False
aaaaa|ac,0.5,2.0,4.0,1502,1502,0.0,0,17.58,19.4,19.37,20.0,-1.82,-0.0909,-0.1212,0.1991,-0.3203,-1.78,0.07442376491937232,-1.88,0.06064449599048148,0.07462686567164178,1/4,0.25,False,False
aaaaa|bc,0.5,1.0,2.0,904,904,0.0,0,29.54,32.25,32.15,33.33,-2.71,-0.0814,-0.1139,0.2018,-0.3157,-1.75,0.0806149818042324,-1.87,0.06102502155521165,0.05472636815920398,0/4,0.0,False,False
bbbbb|bb,0.5,1.0,2.0,619,619,0.0,0,35.54,31.97,32.15,33.33,3.57,0.1072,0.0662,0.2243,-0.158,1.91,0.056423441124234835,1.87,0.06107748267880933,0.07960199004975124,3/4,0.75,False,False
ddddd|cb,1.0,2.0,2.0,1525,1525,0.0,0,35.02,32.7,32.7,33.33,2.31,0.0694,0.0505,0.1023,-0.0518,1.93,0.053773589440895254,1.86,0.06239035358242572,0.05970149253731343,3/4,0.75,False,False
bcccc|bb,1.0,1.0,1.0,374,374,0.0,0,54.01,49.07,49.43,50.0,4.94,0.0988,0.0802,0.1122,-0.032,1.91,0.05585242504793715,1.85,0.06467882400711145,0.07960199004975124,3/4,0.75,False,False
cbbbb|bb,0.5,2.0,4.0,350,350,0.0,0,23.14,19.35,19.37,20.0,3.79,0.1895,0.1571,0.2211,-0.0639,1.8,0.07240453959014481,1.84,0.06506734572058873,0.05970149253731343,4/4,1.0,False,False
baaaa|bb,0.5,3.0,6.0,391,391,0.0,0,11.0,13.92,13.67,14.29,-2.92,-0.2043,-0.2302,0.2122,-0.4423,-1.67,0.09506647377095626,-1.81,0.07041265663156655,0.0945273631840796,1/4,0.25,False,False
bbbbb|ba,0.5,3.0,6.0,375,375,0.0,0,16.8,13.66,13.67,14.29,3.14,0.2201,0.176,0.2225,-0.0465,1.78,0.07585197670182565,1.81,0.07016002200533276,0.09950248756218906,2/4,0.5,False,False
baaaa|ac,0.5,2.0,4.0,377,377,0.0,0,15.92,19.29,19.37,20.0,-3.37,-0.1687,-0.2042,0.2018,-0.406,-1.66,0.09648681214907993,-1.8,0.07238697852145255,0.05970149253731343,0/4,0.0,False,False
ddddd|bc,1.0,1.0,1.0,1482,1482,0.0,0,47.3,49.55,49.43,50.0,-2.25,-0.0449,-0.054,0.1024,-0.1564,-1.73,0.08343830389892543,-1.8,0.07123680886397747,0.08955223880597014,0/4,0.0,False,False
ddddd|ac,1.0,3.0,3.0,1129,1123,0.5,0,21.91,24.34,24.3,25.0,-2.43,-0.0973,-0.1238,0.1006,-0.2244,-1.9,0.0571091331533366,-1.8,0.0714590494720513,0.07960199004975124,1/4,0.25,False,False
aaaaa|bc,1.0,2.0,2.0,904,902,0.2,0,29.49,32.66,32.7,33.33,-3.17,-0.0952,-0.1153,0.1009,-0.2162,-2.03,0.041886121368603535,-1.79,0.0737684549386009,0.07462686567164178,1/4,0.25,False,False
ccccc|cb,1.0,3.0,3.0,417,417,0.0,0,20.86,24.32,24.3,25.0,-3.46,-0.1383,-0.1655,0.1144,-0.2799,-1.65,0.09899062243016356,-1.78,0.07553720064268142,0.08955223880597014,0/4,0.0,False,False
bbbbb|ba,1.0,3.0,3.0,375,374,0.3,0,28.34,24.21,24.3,25.0,4.13,0.1653,0.1337,0.1112,0.0224,1.87,0.061582347447310906,1.74,0.08200993723489856,0.08955223880597014,3/4,0.75,False,False
cccbb|ab,0.5,1.0,2.0,389,389,0.0,0,35.99,31.87,32.15,33.33,4.12,0.1237,0.0797,0.2257,-0.146,1.75,0.08074290829371752,1.74,0.08122344130481274,0.07960199004975124,3/4,0.75,False,False
aaaaa|ca,0.5,3.0,6.0,1031,1028,0.3,0,11.87,13.67,13.67,14.29,-1.8,-0.1262,-0.1693,0.2026,-0.3718,-1.68,0.09202887573183849,-1.72,0.08619980329674423,0.0845771144278607,1/4,0.25,False,False
baaaa|aa,0.5,1.0,2.0,407,407,0.0,0,35.87,32.2,32.15,33.33,3.67,0.1101,0.0762,0.2002,-0.124,1.59,0.11287971028170365,1.71,0.08808342709849962,0.0945273631840796,4/4,1.0,False,False
cdddd|bc,1.0,1.0,1.0,401,401,0.0,0,45.39,49.46,49.43,50.0,-4.08,-0.0815,-0.0923,0.1032,-0.1955,-1.63,0.10222924613200836,-1.7,0.08872087512444131,0.10945273631840796,1/4,0.25,False,False
aaaaa|aa,0.5,1.0,2.0,1443,1443,0.0,0,34.58,32.25,32.15,33.33,2.33,0.0699,0.0374,0.2007,-0.1633,1.9,0.057974769867518816,1.7,0.08955959293800057,0.0945273631840796,2/4,0.5,False,False
ddddd|ba,1.0,3.0,3.0,933,923,1.1,0,26.98,24.3,24.3,25.0,2.67,0.1069,0.0791,0.1003,-0.0212,1.9,0.0577568560230561,1.68,0.09266393277060697,0.10945273631840796,4/4,1.0,False,False
bcccc|bb,1.0,2.0,2.0,374,374,0.0,0,36.36,32.46,32.7,33.33,3.9,0.117,0.0909,0.1122,-0.0213,1.61,0.10671341239682178,1.68,0.09289831268195511,0.0945273631840796,3/4,0.75,False,False
cdddd|ca,0.5,1.0,2.0,362,362,0.0,0,36.19,32.18,32.15,33.33,4.01,0.1202,0.0856,0.2047,-0.119,1.63,0.10252185390874748,1.67,0.09584806371562735,0.11442786069651742,3/4,0.75,False,False
aaaaa|ba,1.0,1.0,1.0,1518,1518,0.0,0,51.38,49.51,49.43,50.0,1.87,0.0374,0.0277,0.1036,-0.0759,1.46,0.1444967470815304,1.66,0.09768298215120963,0.09950248756218906,4/4,1.0,False,False
baaaa|bb,0.5,2.0,4.0,391,391,0.0,0,16.62,19.59,19.37,20.0,-2.96,-0.1481,-0.1688,0.2122,-0.3809,-1.48,0.13956422851211836,-1.66,0.09647973781338329,0.0845771144278607,1/4,0.25,False,False
aaaaa|aa,1.0,1.0,1.0,1443,1443,0.0,0,51.98,49.58,49.43,50.0,2.4,0.0479,0.0395,0.1004,-0.0609,1.82,0.06834131507828471,1.63,0.10308314272160359,0.10945273631840796,3/4,0.75,False,False
cdddd|bc,0.5,2.0,4.0,401,401,0.0,0,15.96,19.37,19.37,20.0,-3.41,-0.1707,-0.202,0.2065,-0.4085,-1.73,0.08336110001721483,-1.63,0.10208798846356756,0.11442786069651742,1/4,0.25,False,False
aaaaa|ac,0.5,3.0,6.0,1502,1497,0.3,0,12.22,13.59,13.67,14.29,-1.36,-0.0954,-0.1443,0.1991,-0.3434,-1.54,0.1232540134588449,-1.62,0.10417805476156844,0.12437810945273632,0/4,0.0,False,False
aaabb|cb,0.5,3.0,6.0,548,548,0.0,0,16.06,13.67,13.67,14.29,2.39,0.1674,0.1241,0.2063,-0.0823,1.63,0.10278155746923012,1.61,0.10653201250835574,0.11442786069651742,3/4,0.75,False,False
cdddd|bc,0.5,1.0,2.0,401,401,0.0,0,28.18,32.14,32.15,33.33,-3.96,-0.1187,-0.1546,0.2065,-0.3611,-1.7,0.08952534882830993,-1.61,0.10783136420581008,0.11940298507462686,1/4,0.25,False,False
dddcc|ab,0.5,3.0,6.0,540,540,0.0,0,11.11,13.7,13.67,14.29,-2.59,-0.1814,-0.2222,0.2066,-0.4289,-1.75,0.07962310164088258,-1.6,0.11002873941720033,0.0945273631840796,1/4,0.25,False,False
dddcc|ab,1.0,1.0,1.0,540,540,0.0,0,52.41,49.39,49.43,50.0,3.02,0.0604,0.0481,0.1033,-0.0552,1.41,0.159825778421284,1.58,0.11460575036117676,0.11940298507462686,3/4,0.75,False,False
aaaaa|ca,1.0,3.0,3.0,1031,1022,0.9,0,22.21,24.32,24.3,25.0,-2.11,-0.0845,-0.1115,0.1013,-0.2128,-1.58,0.11468554113066318,-1.56,0.11896976176162699,0.13930348258706468,1/4,0.25,False,False
ddddd|ac,1.0,1.0,1.0,1129,1129,0.0,0,47.3,49.55,49.43,50.0,-2.25,-0.045,-0.054,0.1006,-0.1546,-1.51,0.12996199477905748,-1.55,0.12225908068742462,0.12437810945273632,1/4,0.25,False,False
ddddd|ba,0.5,2.0,4.0,933,933,0.0,0,21.44,19.43,19.37,20.0,2.01,0.1005,0.0718,0.2005,-0.1287,1.55,0.12030382560550629,1.55,0.12233243036615282,0.13930348258706468,3/4,0.75,False,False
ddddd|cc,1.0,1.0,1.0,1389,1389,0.0,0,47.23,49.62,49.43,50.0,-2.39,-0.0478,-0.0554,0.1002,-0.1557,-1.78,0.07432179774564714,-1.55,0.12076478142022357,0.14427860696517414,1/4,0.25,False,False
ccccc|cb,0.5,3.0,6.0,417,417,0.0,0,11.27,13.72,13.67,14.29,-2.45,-0.1714,-0.211,0.2289,-0.4399,-1.46,0.1455580210670189,-1.54,0.12395644561141425,0.11940298507462686,0/4,0.0,False,False
bbbbb|ba,0.5,2.0,4.0,375,375,0.0,0,22.4,19.31,19.37,20.0,3.09,0.1544,0.12,0.2225,-0.1025,1.52,0.1295775190500036,1.54,0.12323740805865752,0.12437810945273632,2/4,0.5,False,False
ddddd|ba,1.0,2.0,2.0,933,929,0.4,0,35.41,32.75,32.7,33.33,2.66,0.0798,0.0624,0.1003,-0.0378,1.73,0.08365895765174872,1.54,0.12241327486749307,0.11940298507462686,4/4,1.0,False,False
aaaaa|cb,0.5,3.0,6.0,935,933,0.2,0,15.11,13.57,13.67,14.29,1.55,0.1082,0.0579,0.1994,-0.1416,1.38,0.1675864452430037,1.53,0.1266008433379487,0.13432835820895522,3/4,0.75,False,False
ccccc|cb,1.0,2.0,2.0,417,417,0.0,0,29.26,32.64,32.7,33.33,-3.39,-0.1016,-0.1223,0.1144,-0.2367,-1.48,0.1397983113615883,-1.52,0.12882665710589006,0.13432835820895522,1/4,0.25,False,False
baaaa|ac,1.0,2.0,2.0,377,376,0.0,1,29.26,32.64,32.7,33.33,-3.38,-0.1015,-0.1223,0.1009,-0.2232,-1.4,0.16117613623141652,-1.52,0.12948903951105134,0.14427860696517414,1/4,0.25,False,False
cccbb|ab,1.0,1.0,1.0,389,389,0.0,0,52.7,49.02,49.43,50.0,3.68,0.0737,0.054,0.1129,-0.0589,1.45,0.14583103844269657,1.51,0.13126362644977216,0.13930348258706468,3/4,0.75,False,False
cdddd|bc,1.0,2.0,2.0,401,401,0.0,0,29.43,32.8,32.7,33.33,-3.37,-0.1011,-0.1172,0.1032,-0.2205,-1.44,0.15000912347541623,-1.49,0.13545044999895225,0.11940298507462686,0/4,0.0,False,False
cbbbb|bb,0.5,1.0,2.0,350,350,0.0,0,35.43,31.99,32.15,33.33,3.44,0.1033,0.0629,0.2211,-0.1582,1.38,0.16689637374241467,1.46,0.14410835225758037,0.13432835820895522,4/4,1.0,False,False
cdddd|ca,0.5,2.0,4.0,362,362,0.0,0,22.65,19.41,19.37,20.0,3.24,0.1622,0.1326,0.2047,-0.0721,1.56,0.118344140236877,1.46,0.14319583135920222,0.12935323383084577,3/4,0.75,False,False
aaaab|cc,1.0,2.0,2.0,376,376,0.0,0,36.7,32.87,32.7,33.33,3.83,0.1149,0.1011,0.102,-0.001,1.58,0.11333737176059608,1.45,0.1481657046092003,0.15422885572139303,3/4,0.75,False,False
cdddd|ca,1.0,2.0,2.0,362,361,0.3,0,36.29,32.74,32.7,33.33,3.55,0.1064,0.0886,0.1023,-0.0137,1.44,0.15063091743176477,1.43,0.1523713680309857,0.15422885572139303,3/4,0.75,False,False
ddddd|cb,0.5,3.0,6.0,1525,1524,0.1,0,14.96,13.65,13.67,14.29,1.31,0.092,0.0472,0.2045,-0.1573,1.5,0.13448308507092732,1.42,0.15677981102982874,0.14925373134328357,3/4,0.75,False,False
baaaa|aa,1.0,2.0,2.0,407,405,0.5,0,35.8,32.62,32.7,33.33,3.19,0.0956,0.0741,0.1001,-0.026,1.37,0.17086238377152116,1.39,0.1657809365948963,0.1691542288557214,4/4,1.0,False,False
cdddd|cc,1.0,2.0,2.0,387,387,0.0,0,36.18,32.94,32.7,33.33,3.24,0.0972,0.0853,0.1031,-0.0178,1.36,0.17437127328611476,1.38,0.1690984942297438,0.18407960199004975,2/4,0.5,False,False
ddddd|cb,1.0,3.0,3.0,1525,1516,0.6,0,25.86,24.31,24.3,25.0,1.54,0.0618,0.0343,0.1023,-0.068,1.4,0.16007701339297406,1.38,0.1669216715750932,0.1791044776119403,2/4,0.5,False,False
ddddd|ac,0.5,3.0,6.0,1129,1127,0.2,0,12.07,13.67,13.67,14.29,-1.61,-0.1125,-0.1553,0.2012,-0.3565,-1.57,0.11595087314126723,-1.37,0.16998330397898814,0.19900497512437812,2/4,0.5,False,False
ddddd|cb,0.5,2.0,4.0,1525,1525,0.0,0,20.85,19.37,19.37,20.0,1.48,0.0741,0.0426,0.2045,-0.1619,1.47,0.14272641962052562,1.37,0.16951598965525055,0.1890547263681592,4/4,1.0,False,False
ccccc|bb,0.5,3.0,6.0,621,621,0.0,0,11.92,13.6,13.67,14.29,-1.68,-0.1175,-0.1659,0.2284,-0.3943,-1.22,0.22161322117741977,-1.36,0.17475915374092552,0.1691542288557214,1/4,0.25,False,False
aaaaa|ba,1.0,3.0,3.0,1518,1503,1.0,0,25.55,24.22,24.3,25.0,1.33,0.0533,0.022,0.1036,-0.0816,1.21,0.2273296844596872,1.35,0.17561563946469846,0.15920398009950248,3/4,0.75,False,False
ddddc|aa,1.0,3.0,3.0,400,398,0.5,0,27.14,24.19,24.3,25.0,2.95,0.1178,0.0854,0.101,-0.0156,1.38,0.16912001815714806,1.34,0.1807515265033534,0.20398009950248755,4/4,1.0,False,False
ddddd|ac,0.5,2.0,4.0,1129,1129,0.0,0,17.63,19.45,19.37,20.0,-1.83,-0.0914,-0.1187,0.2012,-0.3199,-1.55,0.12039706957180993,-1.34,0.1787152936939605,0.19402985074626866,1/4,0.25,False,False
bbbbb|ba,1.0,2.0,2.0,375,375,0.0,0,36.0,32.57,32.7,33.33,3.43,0.1029,0.08,0.1112,-0.0312,1.42,0.15594653104614986,1.33,0.18369191085762768,0.22885572139303484,3/4,0.75,False,False
aaabb|cb,0.5,2.0,4.0,548,548,0.0,0,21.72,19.42,19.37,20.0,2.3,0.1148,0.0858,0.2063,-0.1206,1.36,0.1740009964282646,1.32,0.18552826111511161,0.20398009950248755,3/4,0.75,False,False
ddddc|ba,1.0,2.0,2.0,539,539,0.0,0,35.62,32.83,32.7,33.33,2.8,0.0839,0.0686,0.1041,-0.0355,1.38,0.16646901775916279,1.32,0.18819293528636014,0.22388059701492538,4/4,1.0,False,False
bbbcc|cb,0.5,3.0,6.0,410,410,0.0,0,11.71,13.73,13.67,14.29,-2.02,-0.1415,-0.1805,0.2198,-0.4003,-1.19,0.23386183659239718,-1.32,0.18663075818971017,0.1791044776119403,1/4,0.25,False,False
aaaaa|ba,0.5,1.0,2.0,1518,1518,0.0,0,33.86,32.25,32.15,33.33,1.61,0.0482,0.0158,0.2071,-0.1913,1.34,0.18040135884189612,1.31,0.19171638136733476,0.21393034825870647,3/4,0.75,False,False
aaaaa|bc,0.5,2.0,4.0,904,904,0.0,0,17.81,19.41,19.37,20.0,-1.6,-0.08,-0.1095,0.2018,-0.3113,-1.22,0.22319409226221915,-1.3,0.19336217669961347,0.1791044776119403,0/4,0.0,False,False
bbbcc|cb,0.5,2.0,4.0,410,410,0.0,0,17.32,19.37,19.37,20.0,-2.06,-0.1028,-0.1341,0.2198,-0.354,-1.05,0.2916620220324057,-1.29,0.19725480741566762,0.20398009950248755,1/4,0.25,False,False
aaaaa|ac,1.0,2.0,2.0,1502,1500,0.1,0,31.2,32.68,32.7,33.33,-1.48,-0.0445,-0.064,0.0996,-0.1636,-1.23,0.2200144556259439,-1.29,0.195594571281613,0.1890547263681592,1/4,0.25,False,False
aaaaa|ca,1.0,2.0,2.0,1031,1031,0.0,0,30.94,32.77,32.7,33.33,-1.83,-0.0549,-0.0718,0.1013,-0.1731,-1.25,0.20961456435610562,-1.24,0.21618596907775947,0.23880597014925373,1/4,0.25,False,False
baaaa|ba,0.5,1.0,2.0,421,421,0.0,0,35.15,32.11,32.15,33.33,3.05,0.0914,0.0546,0.206,-0.1513,1.34,0.18015966449390636,1.23,0.21792900517887984,0.23383084577114427,4/4,1.0,False,False
bbbbb|ba,1.0,1.0,1.0,375,375,0.0,0,52.53,49.19,49.43,50.0,3.35,0.0669,0.0507,0.1112,-0.0606,1.3,0.19461816872165616,1.22,0.22347739125551513,0.22885572139303484,2/4,0.5,False,False
cdddd|cc,1.0,3.0,3.0,387,386,0.3,0,27.2,24.58,24.3,25.0,2.62,0.1047,0.0881,0.1031,-0.015,1.2,0.23134700420405177,1.2,0.2314177095143693,0.23880597014925373,3/4,0.75,False,False
ddddd|ca,1.0,3.0,3.0,1524,1507,1.1,0,22.96,24.25,24.3,25.0,-1.29,-0.0516,-0.0816,0.1007,-0.1823,-1.17,0.2420788729100425,-1.19,0.2352124686507528,0.2835820895522388,1/4,0.25,False,False
bbbbc|bc,0.5,1.0,2.0,410,410,0.0,0,34.63,31.88,32.15,33.33,2.75,0.0825,0.039,0.218,-0.179,1.2,0.23146715108324598,1.19,0.23469651481983467,0.21890547263681592,3/4,0.75,False,False
aabbb|bb,1.0,3.0,3.0,341,340,0.3,0,21.47,24.44,24.3,25.0,-2.97,-0.1189,-0.1412,0.1037,-0.2448,-1.28,0.2012074828969134,-1.19,0.23510470024261843,0.22885572139303484,1/4,0.25,False,False
abbbb|bb,0.5,3.0,6.0,335,335,0.0,0,16.12,13.81,13.67,14.29,2.31,0.1617,0.1284,0.2129,-0.0845,1.23,0.21996172739831815,1.17,0.24145983031294305,0.26865671641791045,3/4,0.75,False,False
aaaaa|cb,0.5,1.0,2.0,935,935,0.0,0,33.8,32.24,32.15,33.33,1.56,0.0467,0.0139,0.1994,-0.1855,1.02,0.30816927467954336,1.17,0.24300279939549757,0.22388059701492538,4/4,1.0,False,False
ddddd|cb,1.0,1.0,1.0,1525,1525,0.0,0,51.02,49.51,49.43,50.0,1.51,0.0302,0.0203,0.1023,-0.0819,1.18,0.2383857555715163,1.16,0.24798180531957797,0.2736318407960199,2/4,0.5,False,False
ccccc|bb,1.0,1.0,1.0,621,621,0.0,0,46.54,49.03,49.43,50.0,-2.5,-0.0499,-0.0692,0.1142,-0.1835,-1.25,0.2128461466128076,-1.16,0.24570153114211474,0.2537313432835821,1/4,0.25,False,False
ddddd|ca,1.0,1.0,1.0,1524,1524,0.0,0,50.59,49.5,49.43,50.0,1.1,0.0219,0.0118,0.1007,-0.0889,0.86,0.3920297895600113,1.16,0.24675127831810945,0.22885572139303484,2/4,0.5,False,False
ddddc|aa,1.0,2.0,2.0,400,400,0.0,0,35.25,32.59,32.7,33.33,2.66,0.0799,0.0575,0.101,-0.0435,1.14,0.25513501652641823,1.15,0.24816453085492707,0.27860696517412936,4/4,1.0,False,False
cdddd|bb,0.5,1.0,2.0,361,361,0.0,0,29.64,32.28,32.15,33.33,-2.64,-0.0792,-0.1108,0.2083,-0.3191,-1.07,0.28278655683707576,-1.15,0.24829826568083546,0.2736318407960199,1/4,0.25,False,False
ddddd|ba,1.0,1.0,1.0,933,933,0.0,0,51.55,49.54,49.43,50.0,2.01,0.0403,0.0311,0.1003,-0.0692,1.23,0.2181742070059937,1.15,0.25075682588541104,0.2736318407960199,3/4,0.75,False,False
dddcc|ab,1.0,2.0,2.0,540,540,0.0,0,34.63,32.71,32.7,33.33,1.92,0.0575,0.0389,0.1033,-0.0644,0.95,0.34180114738099676,1.14,0.25265779882181394,0.25870646766169153,2/4,0.5,False,False
aaaaa|ba,0.5,2.0,4.0,1518,1518,0.0,0,20.69,19.4,19.37,20.0,1.29,0.0643,0.0343,0.2071,-0.1729,1.27,0.2050818618565705,1.14,0.252577600937416,0.24378109452736318,3/4,0.75,False,False
ddddc|aa,0.5,1.0,2.0,400,400,0.0,0,34.75,32.1,32.15,33.33,2.65,0.0796,0.0425,0.202,-0.1595,1.14,0.2550116553001028,1.14,0.25527504420499636,0.27860696517412936,4/4,1.0,False,False
aaaaa|bc,1.0,1.0,1.0,904,904,0.0,0,47.35,49.48,49.43,50.0,-2.14,-0.0427,-0.0531,0.1009,-0.154,-1.29,0.1982955694004626,-1.13,0.2587616561958956,0.27860696517412936,2/4,0.5,False,False
cdddd|cb,0.5,2.0,4.0,448,448,0.0,0,21.65,19.41,19.37,20.0,2.25,0.1123,0.0826,0.2038,-0.1212,1.2,0.22892803731785458,1.13,0.2598238550231239,0.24378109452736318,3/4,0.75,False,False
ccccc|bc,0.5,3.0,6.0,422,422,0.0,0,11.85,13.76,13.67,14.29,-1.91,-0.1335,-0.1706,0.2273,-0.3979,-1.14,0.25491674373343054,-1.12,0.26419859812262386,0.263681592039801,1/4,0.25,False,False
baaaa|ac,0.5,3.0,6.0,377,377,0.0,0,11.67,13.52,13.67,14.29,-1.85,-0.1292,-0.183,0.2018,-0.3848,-1.05,0.29381812470664004,-1.1,0.2711700428111772,0.24875621890547264,1/4,0.25,False,False
ccccc|bc,1.0,3.0,3.0,422,421,0.2,0,21.85,24.38,24.3,25.0,-2.53,-0.1012,-0.1259,0.1137,-0.2395,-1.21,0.2256760515138625,-1.1,0.2715466410164327,0.30845771144278605,1/4,0.25,False,False
aaaab|bc,0.5,1.0,2.0,579,579,0.0,0,29.88,32.15,32.15,33.33,-2.27,-0.0682,-0.1036,0.2093,-0.3129,-1.17,0.24086157308235528,-1.08,0.28005336696595085,0.2537313432835821,1/4,0.25,False,False
aaaab|bc,0.5,3.0,6.0,579,578,0.2,0,11.94,13.66,13.67,14.29,-1.72,-0.1205,-0.1644,0.2093,-0.3736,-1.21,0.22762074513485422,-1.07,0.2832695987066755,0.26865671641791045,1/4,0.25,False,False
dcccc|bb,0.5,1.0,2.0,328,328,0.0,0,34.76,31.91,32.15,33.33,2.85,0.0854,0.0427,0.2164,-0.1737,1.11,0.2680605276503315,1.07,0.28570415929165716,0.23383084577114427,3/4,0.75,False,False
dcccc|bb,0.5,2.0,4.0,328,328,0.0,0,21.65,19.21,19.37,20.0,2.44,0.1218,0.0823,0.2164,-0.1341,1.12,0.2622171863766342,1.06,0.2898181107132199,0.31343283582089554,3/4,0.75,False,False
cdddd|ca,1.0,3.0,3.0,362,359,0.8,0,26.74,24.37,24.3,25.0,2.37,0.0949,0.0696,0.1023,-0.0327,1.05,0.29401307906555557,1.06,0.29025254517247323,0.29850746268656714,3/4,0.75,False,False
aaabb|cb,1.0,3.0,3.0,548,545,0.5,0,26.24,24.27,24.3,25.0,1.97,0.0788,0.0495,0.1032,-0.0536,1.08,0.2823334101337403,1.06,0.29017895774824076,0.2935323383084577,3/4,0.75,False,False
baaaa|aa,1.0,1.0,1.0,407,407,0.0,0,52.09,49.5,49.43,50.0,2.59,0.0517,0.0418,0.1001,-0.0583,1.04,0.2964343090225369,1.05,0.29320959930040413,0.31343283582089554,4/4,1.0,False,False
dcccc|bb,1.0,3.0,3.0,328,324,1.2,0,26.54,24.22,24.3,25.0,2.33,0.0931,0.0617,0.1082,-0.0465,0.98,0.3272130654745997,1.04,0.3001553612357854,0.26865671641791045,2/4,0.5,False,False
ddddd|bc,1.0,2.0,2.0,1482,1479,0.2,0,31.51,32.77,32.7,33.33,-1.26,-0.0379,-0.0548,0.1024,-0.1572,-1.04,0.29982887071583086,-1.03,0.3015744710722231,0.31840796019900497,1/4,0.25,False,False
ddddd|ba,0.5,1.0,2.0,933,933,0.0,0,33.76,32.27,32.15,33.33,1.49,0.0448,0.0129,0.2005,-0.1876,0.98,0.32840182420422603,1.03,0.3037303413080793,0.31343283582089554,3/4,0.75,False,False
bcccc|bb,0.5,1.0,2.0,374,374,0.0,0,34.22,31.84,32.15,33.33,2.39,0.0716,0.0267,0.2244,-0.1977,0.99,0.32139363938451104,1.02,0.30575932918220744,0.3333333333333333,2/4,0.5,False,False
ddddd|ac,0.5,1.0,2.0,1129,1129,0.0,0,30.74,32.25,32.15,33.33,-1.52,-0.0456,-0.0779,0.2012,-0.2792,-1.09,0.2743126552653137,-1.02,0.3088487180474492,0.30845771144278605,1/4,0.25,False,False
aaaaa|ac,1.0,3.0,3.0,1502,1486,1.1,0,23.08,24.15,24.3,25.0,-1.07,-0.0426,-0.0767,0.0996,-0.1763,-0.96,0.33610025230950796,-1.02,0.3092901508693577,0.3034825870646766,1/4,0.25,False,False
aaaaa|bc,0.5,3.0,6.0,904,904,0.0,0,12.39,13.58,13.67,14.29,-1.19,-0.0834,-0.1327,0.2018,-0.3345,-1.05,0.29513443196219225,-1.01,0.3133684030294532,0.2885572139303483,1/4,0.25,False,False
aaaab|cc,0.5,3.0,6.0,376,376,0.0,0,15.69,13.75,13.67,14.29,1.95,0.1362,0.0984,0.204,-0.1056,1.1,0.27281699825859795,1.01,0.3130122721632165,0.3333333333333333,3/4,0.75,False,False
ddddc|aa,0.5,2.0,4.0,400,400,0.0,0,21.5,19.29,19.37,20.0,2.21,0.1105,0.075,0.202,-0.127,1.12,0.26214156436862884,0.99,0.32036373647443833,0.3333333333333333,3/4,0.75,False,False
ddddd|ca,1.0,2.0,2.0,1524,1521,0.2,0,31.43,32.72,32.7,33.33,-1.3,-0.0389,-0.0572,0.1007,-0.1579,-1.08,0.2801058043246081,-0.99,0.32416888678234623,0.31343283582089554,1/4,0.25,False,False
ccccc|bb,1.0,3.0,3.0,621,620,0.2,0,22.42,24.1,24.3,25.0,-1.68,-0.0672,-0.1032,0.1142,-0.2174,-0.98,0.3268259507458781,-0.98,0.3289191692502467,0.3482587064676617,1/4,0.25,False,False
cdddd|cb,0.5,3.0,6.0,448,448,0.0,0,15.4,13.69,13.67,14.29,1.72,0.1201,0.0781,0.2038,-0.1256,1.06,0.29033918446576923,0.98,0.3285172583077243,0.30845771144278605,3/4,0.75,False,False
ccccc|cb,0.5,2.0,4.0,417,417,0.0,0,17.51,19.29,19.37,20.0,-1.79,-0.0893,-0.1247,0.2289,-0.3536,-0.92,0.35497998863429225,-0.97,0.33057812567970113,0.36318407960199006,2/4,0.5,False,False
bbbbc|bc,1.0,3.0,3.0,410,408,0.5,0,22.06,24.21,24.3,25.0,-2.15,-0.0861,-0.1176,0.109,-0.2266,-1.02,0.30890025497378026,-0.96,0.3384051634031575,0.3283582089552239,2/4,0.5,False,False
aabbb|bb,1.0,2.0,2.0,341,341,0.0,0,30.21,32.8,32.7,33.33,-2.6,-0.0779,-0.0938,0.1037,-0.1975,-1.02,0.3062041409865156,-0.93,0.35354009696400485,0.3482587064676617,1/4,0.25,False,False
ddddd|bb,0.5,1.0,2.0,1444,1444,0.0,0,31.09,32.24,32.15,33.33,-1.15,-0.0344,-0.0672,0.2049,-0.2721,-0.93,0.35026398648869445,-0.92,0.3555916560862756,0.373134328358209,1/4,0.25,False,False
ddddc|ba,0.5,1.0,2.0,539,539,0.0,0,34.32,32.21,32.15,33.33,2.11,0.0634,0.0297,0.2082,-0.1786,1.05,0.2934564800078774,0.92,0.3551376347946774,0.38308457711442784,3/4,0.75,False,False
ddddc|ba,1.0,3.0,3.0,539,539,0.0,0,26.35,24.48,24.3,25.0,1.86,0.0745,0.0538,0.1041,-0.0503,1.01,0.3139288524209187,0.91,0.36128486380610053,0.38308457711442784,3/4,0.75,False,False
cdddd|cc,0.5,2.0,4.0,387,387,0.0,0,21.19,19.48,19.37,20.0,1.71,0.0854,0.0594,0.2062,-0.1468,0.85,0.39587366011026337,0.89,0.3746072145126216,0.3681592039800995,3/4,0.75,False,False
cdddd|cb,1.0,3.0,3.0,448,447,0.2,0,26.17,24.32,24.3,25.0,1.85,0.0742,0.047,0.1019,-0.0549,0.92,0.3596830212563441,0.89,0.37120710587645833,0.3781094527363184,4/4,1.0,False,False
aaaab|bc,1.0,3.0,3.0,579,576,0.5,0,22.74,24.27,24.3,25.0,-1.53,-0.061,-0.0903,0.1046,-0.1949,-0.86,0.3921286263814405,-0.88,0.3784546619161531,0.39800995024875624,2/4,0.5,False,False
ccccc|bb,1.0,2.0,2.0,621,621,0.0,0,30.76,32.4,32.7,33.33,-1.65,-0.0494,-0.0773,0.1142,-0.1915,-0.88,0.38038321777508444,-0.85,0.39428191819627145,0.4129353233830846,2/4,0.5,False,False
bbbbb|ab,0.5,3.0,6.0,385,385,0.0,0,14.81,13.62,13.67,14.29,1.19,0.0831,0.0364,0.2279,-0.1915,0.68,0.49647290709353414,0.85,0.396972628467224,0.39303482587064675,3/4,0.75,False,False
ddddd|bc,0.5,2.0,4.0,1482,1482,0.0,0,18.62,19.41,19.37,20.0,-0.79,-0.0393,-0.0688,0.2048,-0.2736,-0.77,0.4440837889892453,-0.84,0.4008325268424733,0.39800995024875624,1/4,0.25,False,False
dcccc|bb,1.0,2.0,2.0,328,328,0.0,0,34.76,32.53,32.7,33.33,2.23,0.0669,0.0427,0.1082,-0.0655,0.86,0.3882234329897622,0.82,0.4126319362841284,0.3582089552238806,3/4,0.75,False,False
aaaaa|ab,0.5,2.0,4.0,1567,1567,0.0,0,18.7,19.37,19.37,20.0,-0.68,-0.0338,-0.0651,0.2046,-0.2697,-0.68,0.4983391417883335,-0.81,0.41650848811140617,0.43283582089552236,2/4,0.5,False,False
ddddd|ca,0.5,1.0,2.0,1524,1524,0.0,0,33.07,32.21,32.15,33.33,0.86,0.0259,-0.0079,0.2015,-0.2093,0.72,0.47045913770806286,0.8,0.42399386824864405,0.44776119402985076,2/4,0.5,False,False
cdddd|bb,1.0,1.0,1.0,361,361,0.0,0,47.92,49.61,49.43,50.0,-1.69,-0.0337,-0.0416,0.1042,-0.1457,-0.64,0.521078664668662,-0.79,0.43029255402169153,0.43781094527363185,2/4,0.5,False,False
bbbbb|ba,0.5,1.0,2.0,375,375,0.0,0,33.87,31.96,32.15,33.33,1.91,0.0573,0.016,0.2225,-0.2065,0.79,0.4269612429199164,0.78,0.4338264797784035,0.42786069651741293,3/4,0.75,False,False
bbbbc|bc,1.0,2.0,2.0,410,410,0.0,0,30.73,32.5,32.7,33.33,-1.76,-0.0529,-0.078,0.109,-0.1871,-0.76,0.44501384288032486,-0.77,0.4428812207738293,0.44776119402985076,2/4,0.5,False,False
aaabb|cb,1.0,2.0,2.0,548,548,0.0,0,34.31,32.74,32.7,33.33,1.56,0.0469,0.0292,0.1032,-0.074,0.78,0.4345551418860196,0.77,0.4396716225350448,0.44776119402985076,3/4,0.75,False,False
bbbcb|ca,0.5,1.0,2.0,300,300,0.0,0,34.33,32.02,32.15,33.33,2.32,0.0695,0.03,0.2215,-0.1915,0.86,0.3893017054721848,0.77,0.4412660666549334,0.4079601990049751,3/4,0.75,False,False
aaaab|bc,1.0,1.0,1.0,579,579,0.0,0,47.84,49.46,49.43,50.0,-1.62,-0.0324,-0.0432,0.1046,-0.1478,-0.78,0.4356423880021427,-0.76,0.44978610195685553,0.4626865671641791,2/4,0.5,False,False
ddddc|aa,1.0,1.0,1.0,400,400,0.0,0,51.0,49.35,49.43,50.0,1.65,0.0329,0.02,0.101,-0.081,0.66,0.509820308264982,0.74,0.46199561621401497,0.5074626865671642,3/4,0.75,False,False
ddddc|ba,0.5,3.0,6.0,539,539,0.0,0,15.03,13.76,13.67,14.29,1.26,0.0885,0.0519,0.2082,-0.1563,0.85,0.3937160226775551,0.72,0.46997293457897427,0.5024875621890548,3/4,0.75,False,False
bcccc|bb,0.5,2.0,4.0,374,374,0.0,0,20.59,19.17,19.37,20.0,1.42,0.0709,0.0294,0.2244,-0.195,0.7,0.48539368321904286,0.72,0.47255680845772147,0.5074626865671642,2/4,0.5,False,False
ddddd|bb,1.0,1.0,1.0,1444,1444,0.0,0,48.48,49.54,49.43,50.0,-1.07,-0.0213,-0.0305,0.1025,-0.1329,-0.81,0.4173910319257551,-0.72,0.47316018884364286,0.5522388059701493,1/4,0.25,False,False
abbbb|bb,0.5,2.0,4.0,335,335,0.0,0,20.9,19.43,19.37,20.0,1.46,0.0732,0.0448,0.2129,-0.1681,0.68,0.497928856298592,0.72,0.4746065574019394,0.48258706467661694,2/4,0.5,False,False
aaaaa|bb,1.0,1.0,1.0,1425,1425,0.0,0,48.35,49.47,49.43,50.0,-1.12,-0.0224,-0.033,0.1015,-0.1345,-0.85,0.39651309641279975,-0.72,0.47154383086096896,0.48258706467661694,1/4,0.25,False,False
dddcd|ac,1.0,2.0,2.0,434,434,0.0,0,34.33,32.81,32.7,33.33,1.52,0.0456,0.03,0.1051,-0.0751,0.68,0.49953340855251654,0.71,0.47612599144928863,0.4228855721393035,3/4,0.75,False,False
baaaa|ba,1.0,2.0,2.0,421,419,0.5,0,31.03,32.55,32.7,33.33,-1.53,-0.0458,-0.0692,0.103,-0.1722,-0.67,0.5038633348077355,-0.71,0.47576792253825295,0.46766169154228854,0/4,0.0,False,False
aaaaa|ac,1.0,1.0,1.0,1502,1502,0.0,0,48.74,49.55,49.43,50.0,-0.82,-0.0164,-0.0253,0.0996,-0.1249,-0.64,0.5247567867416465,-0.69,0.49254673951885297,0.4925373134328358,1/4,0.25,False,False
dddcd|ac,1.0,1.0,1.0,434,434,0.0,0,50.92,49.41,49.43,50.0,1.51,0.0302,0.0184,0.1051,-0.0866,0.63,0.5285309216298344,0.68,0.49607263513951483,0.4925373134328358,2/4,0.5,False,False
aaaaa|ab,1.0,2.0,2.0,1567,1566,0.1,0,31.93,32.64,32.7,33.33,-0.71,-0.0214,-0.0421,0.1023,-0.1445,-0.6,0.5462709731454316,-0.68,0.4982974231841352,0.47761194029850745,2/4,0.5,False,False
ddddd|cb,0.5,1.0,2.0,1525,1525,0.0,0,33.05,32.22,32.15,33.33,0.83,0.025,-0.0085,0.2045,-0.2131,0.7,0.486570517652428,0.67,0.5034802873203003,0.5124378109452736,2/4,0.5,False,False
aaaab|bc,0.5,2.0,4.0,579,579,0.0,0,18.13,19.33,19.37,20.0,-1.2,-0.0599,-0.0933,0.2093,-0.3025,-0.73,0.4653318104818517,-0.67,0.5057477716264952,0.44776119402985076,1/4,0.25,False,False
ccccb|ba,0.5,1.0,2.0,405,405,0.0,0,33.58,31.87,32.15,33.33,1.71,0.0514,0.0074,0.2284,-0.221,0.74,0.45927808165379613,0.67,0.49981785152287855,0.5124378109452736,2/4,0.5,False,False
dddcc|ab,0.5,2.0,4.0,540,540,0.0,0,17.96,19.37,19.37,20.0,-1.41,-0.0704,-0.1019,0.2066,-0.3085,-0.83,0.4076790312728555,-0.66,0.5104757034836739,0.4975124378109453,1/4,0.25,False,False
cdddd|bb,1.0,3.0,3.0,361,359,0.6,0,23.12,24.36,24.3,25.0,-1.24,-0.0497,-0.0752,0.1042,-0.1794,-0.55,0.5827486766451881,-0.66,0.5088407946679334,0.48258706467661694,2/4,0.5,False,False
abbbb|bb,1.0,3.0,3.0,335,334,0.3,0,26.05,24.49,24.3,25.0,1.56,0.0623,0.0419,0.1064,-0.0645,0.66,0.5072153991977958,0.65,0.5139933431770217,0.527363184079602,2/4,0.5,False,False
cdddd|bc,1.0,3.0,3.0,401,401,0.0,0,23.19,24.43,24.3,25.0,-1.24,-0.0497,-0.0723,0.1032,-0.1756,-0.58,0.5619069801173171,-0.65,0.5153626255413934,0.5074626865671642,2/4,0.5,False,False
bbbcb|ca,0.5,2.0,4.0,300,300,0.0,0,21.0,19.34,19.37,20.0,1.66,0.083,0.05,0.2215,-0.1715,0.73,0.46626934789212493,0.65,0.5168190003570652,0.47761194029850745,2/4,0.5,False,False
aaaab|cc,0.5,1.0,2.0,376,376,0.0,0,30.85,32.4,32.15,33.33,-1.55,-0.0465,-0.0745,0.204,-0.2785,-0.64,0.5208182605193531,-0.64,0.5197196044399429,0.5472636815920398,0/4,0.0,False,False
baaaa|bb,0.5,1.0,2.0,391,391,0.0,0,30.95,32.35,32.15,33.33,-1.4,-0.042,-0.0716,0.2122,-0.2838,-0.59,0.5536435041584971,-0.63,0.5268447767022519,0.5024875621890548,1/4,0.25,False,False
cdddd|bb,0.5,2.0,4.0,361,361,0.0,0,18.28,19.45,19.37,20.0,-1.17,-0.0586,-0.0859,0.2083,-0.2942,-0.56,0.5734921169492527,-0.63,0.5291343366820707,0.5323383084577115,2/4,0.5,False,False
cdddd|ca,0.5,3.0,6.0,362,362,0.0,0,14.92,13.71,13.67,14.29,1.2,0.0843,0.0442,0.2047,-0.1605,0.67,0.5048159826829569,0.63,0.5302654285006018,0.472636815920398,3/4,0.75,False,False
dddcd|ac,0.5,3.0,6.0,434,433,0.2,0,14.55,13.66,13.67,14.29,0.89,0.0625,0.0185,0.2101,-0.1916,0.54,0.5878706307302276,0.61,0.5402703315329462,0.5174129353233831,2/4,0.5,False,False
aaaaa|ca,1.0,1.0,1.0,1031,1031,0.0,0,48.59,49.58,49.43,50.0,-0.99,-0.0198,-0.0281,0.1013,-0.1294,-0.64,0.5252792232857469,-0.6,0.5476803607586588,0.6019900497512438,2/4,0.5,False,False
aaaaa|ca,0.5,2.0,4.0,1031,1031,0.0,0,18.82,19.45,19.37,20.0,-0.64,-0.0319,-0.0592,0.2026,-0.2617,-0.52,0.6049077105087679,-0.59,0.5553249082855592,0.5522388059701493,1/4,0.25,False,False
ddddc|aa,0.5,3.0,6.0,400,400,0.0,0,14.75,13.58,13.67,14.29,1.17,0.0817,0.0325,0.202,-0.1695,0.68,0.49508829210102845,0.59,0.5562915245776023,0.5671641791044776,3/4,0.75,False,False
ccccb|ba,0.5,3.0,6.0,405,405,0.0,0,14.81,13.73,13.67,14.29,1.09,0.0763,0.037,0.2284,-0.1914,0.64,0.5234711304081585,0.59,0.5575879799652155,0.5472636815920398,2/4,0.5,False,False
bbbbb|bb,1.0,3.0,3.0,619,618,0.2,0,23.3,24.3,24.3,25.0,-1.0,-0.0401,-0.068,0.1121,-0.1801,-0.58,0.5606819202114516,-0.58,0.5614780299083826,0.5472636815920398,2/4,0.5,False,False
aabbb|bb,1.0,1.0,1.0,341,341,0.0,0,47.8,49.43,49.43,50.0,-1.63,-0.0326,-0.044,0.1037,-0.1477,-0.6,0.5465848970347155,-0.57,0.5666672525615406,0.5920398009950248,2/4,0.5,False,False
dddcd|ac,1.0,3.0,3.0,434,430,0.9,0,25.58,24.35,24.3,25.0,1.23,0.0493,0.0233,0.1051,-0.0818,0.6,0.5510385455682948,0.57,0.5704121865623927,0.572139303482587,2/4,0.5,False,False
cdddd|cc,0.5,1.0,2.0,387,387,0.0,0,30.75,32.28,32.15,33.33,-1.53,-0.046,-0.0775,0.2062,-0.2837,-0.65,0.5186370775340339,-0.56,0.5736722466485719,0.5671641791044776,1/4,0.25,False,False
bcccc|bb,1.0,3.0,3.0,374,372,0.5,0,25.27,24.16,24.3,25.0,1.11,0.0443,0.0108,0.1122,-0.1015,0.5,0.6173116026193861,0.56,0.5772042088500222,0.5671641791044776,3/4,0.75,False,False
cccbc|ac,0.5,3.0,6.0,323,321,0.6,0,12.77,13.79,13.67,14.29,-1.01,-0.0709,-0.1059,0.2155,-0.3214,-0.53,0.5980915289177331,-0.55,0.5821979461446124,0.6268656716417911,2/4,0.5,False,False
ddddd|aa,0.5,2.0,4.0,494,493,0.2,0,20.28,19.53,19.37,20.0,0.75,0.0375,0.0142,0.1987,-0.1845,0.42,0.6745658322640358,0.54,0.5873535296398609,0.6517412935323383,2/4,0.5,False,False
cdddd|cb,1.0,2.0,2.0,448,448,0.0,0,34.15,32.74,32.7,33.33,1.42,0.0425,0.0246,0.1019,-0.0773,0.64,0.5225589521609952,0.53,0.5938854461619817,0.5522388059701493,2/4,0.5,False,False
aaaaa|ab,1.0,3.0,3.0,1567,1558,0.6,0,23.68,24.18,24.3,25.0,-0.5,-0.02,-0.0526,0.1023,-0.1549,-0.46,0.6441829658995172,-0.51,0.6077263603198854,0.6119402985074627,1/4,0.25,False,False
bbbbb|ab,0.5,2.0,4.0,385,385,0.0,0,20.0,19.32,19.37,20.0,0.68,0.0339,0.0,0.2279,-0.2279,0.34,0.7359183638565359,0.51,0.6115650934632977,0.5970149253731343,3/4,0.75,False,False
dddcd|ac,0.5,2.0,4.0,434,434,0.0,0,20.28,19.4,19.37,20.0,0.88,0.0438,0.0138,0.2101,-0.1963,0.46,0.6444629587346878,0.51,0.6079224393197215,0.5870646766169154,2/4,0.5,False,False
ddddd|ca,0.5,2.0,4.0,1524,1524,0.0,0,18.77,19.38,19.37,20.0,-0.61,-0.0305,-0.0617,0.2015,-0.2631,-0.6,0.545999325911895,-0.49,0.6233568762205622,0.6467661691542289,2/4,0.5,False,False
cbbbb|bb,1.0,3.0,3.0,350,350,0.0,0,25.43,24.43,24.3,25.0,1.0,0.04,0.0171,0.1105,-0.0934,0.44,0.6625537537255335,0.49,0.6270515247479553,0.6268656716417911,2/4,0.5,False,False
aaabb|cb,0.5,1.0,2.0,548,548,0.0,0,33.39,32.23,32.15,33.33,1.16,0.0349,0.0018,0.2063,-0.2045,0.58,0.5600611923125542,0.49,0.6228539287615383,0.6218905472636815,3/4,0.75,False,False
ddddd|cc,1.0,2.0,2.0,1389,1387,0.1,0,31.94,32.82,32.7,33.33,-0.88,-0.0264,-0.0418,0.1002,-0.1421,-0.7,0.4851880581168526,-0.48,0.6281308689341834,0.6119402985074627,1/4,0.25,False,False
ddddd|ab,1.0,1.0,1.0,937,937,0.0,0,48.67,49.5,49.43,50.0,-0.84,-0.0167,-0.0267,0.0997,-0.1263,-0.51,0.6086655173282547,-0.48,0.6281713202566441,0.681592039800995,2/4,0.5,False,False
bbbcc|cb,1.0,2.0,2.0,410,410,0.0,0,31.71,32.64,32.7,33.33,-0.93,-0.0279,-0.0488,0.1099,-0.1587,-0.4,0.6876370105973985,-0.46,0.6459203695670725,0.6616915422885572,1/4,0.25,False,False
dddcc|ab,1.0,3.0,3.0,540,536,0.7,0,23.32,24.33,24.3,25.0,-1.01,-0.0405,-0.0672,0.1033,-0.1705,-0.55,0.5844364131781951,-0.46,0.6471804200714534,0.6766169154228856,2/4,0.5,False,False
ccccc|bb,0.5,1.0,2.0,621,621,0.0,0,32.85,31.87,32.15,33.33,0.98,0.0293,-0.0145,0.2284,-0.2429,0.52,0.6007563242113583,0.45,0.6531122169073277,0.681592039800995,3/4,0.75,False,False
ccccc|cb,0.5,1.0,2.0,417,417,0.0,0,33.09,31.94,32.15,33.33,1.15,0.0346,-0.0072,0.2289,-0.2361,0.51,0.6129339468922587,0.45,0.6500364097536908,0.6268656716417911,2/4,0.5,False,False
cbbbb|bb,0.5,3.0,6.0,350,350,0.0,0,12.86,13.78,13.67,14.29,-0.92,-0.0644,-0.1,0.2211,-0.3211,-0.5,0.6168737529256177,-0.45,0.655843743427035,0.6268656716417911,1/4,0.25,False,False
aaabb|cb,1.0,1.0,1.0,548,548,0.0,0,48.54,49.5,49.43,50.0,-0.96,-0.0193,-0.0292,0.1032,-0.1324,-0.45,0.6514335712558375,-0.45,0.6519400734138794,0.6119402985074627,2/4,0.5,False,False
cdddd|bb,0.5,3.0,6.0,361,361,0.0,0,13.02,13.75,13.67,14.29,-0.73,-0.0508,-0.0886,0.2083,-0.297,-0.4,0.6883503751028286,-0.45,0.6526035593770256,0.6368159203980099,2/4,0.5,False,False
baaaa|ac,1.0,1.0,1.0,377,376,0.0,1,50.53,49.44,49.43,50.0,1.09,0.0218,0.0106,0.1009,-0.0902,0.42,0.6727462099398243,0.45,0.649761796548391,0.6318407960199005,2/4,0.5,False,False
baaaa|ab,0.5,3.0,6.0,473,471,0.4,0,12.95,13.68,13.67,14.29,-0.73,-0.0508,-0.0934,0.2091,-0.3025,-0.46,0.6463175917525185,-0.42,0.674153306496212,0.6616915422885572,1/4,0.25,False,False
aaaaa|ab,0.5,3.0,6.0,1567,1564,0.2,0,13.3,13.62,13.67,14.29,-0.32,-0.0224,-0.0691,0.2046,-0.2737,-0.37,0.7115724451962109,-0.42,0.6750256048404983,0.6716417910447762,2/4,0.5,False,False
ddddd|cc,1.0,3.0,3.0,1389,1377,0.9,0,23.6,24.32,24.3,25.0,-0.72,-0.0287,-0.0559,0.1002,-0.1562,-0.62,0.5346421946705374,-0.42,0.6755835758848736,0.7114427860696517,1/4,0.25,False,False
ddddd|ab,0.5,2.0,4.0,937,937,0.0,0,19.96,19.45,19.37,20.0,0.51,0.0255,-0.0021,0.1993,-0.2014,0.39,0.6932271448149139,0.41,0.6794273672361031,0.6616915422885572,3/4,0.75,False,False
ddddc|ba,0.5,2.0,4.0,539,539,0.0,0,20.22,19.44,19.37,20.0,0.78,0.0392,0.0111,0.2082,-0.1971,0.46,0.6449928248252832,0.4,0.6915109601044388,0.7412935323383084,4/4,1.0,False,False
aaaab|cc,1.0,1.0,1.0,376,376,0.0,0,50.8,49.62,49.43,50.0,1.18,0.0236,0.016,0.102,-0.0861,0.46,0.6463870287538845,0.4,0.6908482769204745,0.7263681592039801,2/4,0.5,False,False
bbbbc|bc,0.5,3.0,6.0,410,410,0.0,0,12.93,13.61,13.67,14.29,-0.68,-0.0475,-0.0951,0.218,-0.3131,-0.4,0.6882002493798524,-0.4,0.6901909842047194,0.6766169154228856,2/4,0.5,False,False
ddddd|ab,0.5,3.0,6.0,937,937,0.0,0,14.09,13.68,13.67,14.29,0.41,0.0288,-0.0139,0.1993,-0.2132,0.37,0.7139075609115306,0.4,0.6864588427469686,0.681592039800995,2/4,0.5,False,False
cdddd|cc,1.0,1.0,1.0,387,387,0.0,0,48.32,49.65,49.43,50.0,-1.33,-0.0267,-0.0336,0.1031,-0.1367,-0.52,0.5997533087137061,-0.39,0.6970398509219465,0.6467661691542289,2/4,0.5,False,False
baaaa|bb,1.0,2.0,2.0,391,391,0.0,0,31.97,32.98,32.7,33.33,-1.01,-0.0302,-0.0409,0.1061,-0.147,-0.42,0.6718327121974259,-0.39,0.6998911799937719,0.7412935323383084,2/4,0.5,False,False
abbbb|bb,0.5,1.0,2.0,335,335,0.0,0,32.84,32.13,32.15,33.33,0.7,0.0211,-0.0149,0.2129,-0.2278,0.28,0.7830938654416745,0.39,0.6992234694627619,0.6616915422885572,3/4,0.75,False,False
baaaa|ab,0.5,1.0,2.0,473,473,0.0,0,32.98,32.32,32.15,33.33,0.66,0.0199,-0.0106,0.2091,-0.2197,0.31,0.757951238774612,0.38,0.7075866881831214,0.6865671641791045,2/4,0.5,False,False
ccccc|cb,1.0,1.0,1.0,417,417,0.0,0,48.44,49.21,49.43,50.0,-0.77,-0.0153,-0.0312,0.1144,-0.1456,-0.31,0.7540932329711847,-0.37,0.7087316971496423,0.6965174129353234,1/4,0.25,False,False
cdddd|bc,0.5,3.0,6.0,401,401,0.0,0,12.97,13.7,13.67,14.29,-0.73,-0.0509,-0.0923,0.2065,-0.2988,-0.42,0.6713094022191652,-0.37,0.7116366566053379,0.7412935323383084,1/4,0.25,False,False
cdddd|cb,0.5,1.0,2.0,448,448,0.0,0,33.04,32.24,32.15,33.33,0.8,0.024,-0.0089,0.2038,-0.2127,0.36,0.7169325568512164,0.37,0.7098444353874391,0.6766169154228856,3/4,0.75,False,False
aabbb|bb,0.5,3.0,6.0,341,341,0.0,0,13.2,13.76,13.67,14.29,-0.56,-0.0394,-0.0762,0.2073,-0.2836,-0.3,0.7625699731937271,-0.36,0.7170191083688862,0.7213930348258707,2/4,0.5,False,False
baaaa|ba,0.5,2.0,4.0,421,420,0.2,0,20.0,19.3,19.37,20.0,0.7,0.0349,0.0,0.206,-0.206,0.36,0.7170150240392688,0.34,0.7318050547688912,0.7810945273631841,3/4,0.75,False,False
cdddd|bb,1.0,2.0,2.0,361,360,0.3,0,33.89,32.8,32.7,33.33,1.09,0.0326,0.0167,0.1042,-0.0875,0.44,0.6606022299543838,0.33,0.7420608515403804,0.7164179104477612,2/4,0.5,False,False
aaaaa|aa,1.0,3.0,3.0,1443,1429,1.0,0,24.56,24.17,24.3,25.0,0.39,0.0156,-0.0175,0.1004,-0.1179,0.35,0.7295769021456688,0.32,0.7501538413429645,0.7412935323383084,3/4,0.75,False,False
aaaaa|bb,1.0,2.0,2.0,1425,1424,0.1,0,32.3,32.65,32.7,33.33,-0.35,-0.0105,-0.0309,0.1015,-0.1324,-0.28,0.7775249171993212,-0.31,0.7555547486467922,0.7761194029850746,1/4,0.25,False,False
aaaaa|bb,0.5,3.0,6.0,1425,1424,0.1,0,13.97,13.65,13.67,14.29,0.32,0.0224,-0.0218,0.2031,-0.2248,0.35,0.7243381555225935,0.31,0.7568410535013674,0.746268656716418,1/4,0.25,False,False
ccccc|bc,0.5,2.0,4.0,422,422,0.0,0,19.91,19.43,19.37,20.0,0.48,0.0238,-0.0047,0.2273,-0.232,0.25,0.8046890186959352,0.3,0.7606545973305235,0.736318407960199,1/4,0.25,False,False
ccccb|ba,0.5,2.0,4.0,405,405,0.0,0,20.0,19.3,19.37,20.0,0.7,0.035,0.0,0.2284,-0.2284,0.36,0.7209343604562789,0.29,0.775607071004615,0.8109452736318408,2/4,0.5,False,False
abbbb|bb,1.0,1.0,1.0,335,335,0.0,0,49.85,49.37,49.43,50.0,0.49,0.0097,-0.003,0.1064,-0.1094,0.18,0.8588641635470493,0.29,0.7721945032150264,0.7910447761194029,2/4,0.5,False,False
ddddd|bc,1.0,3.0,3.0,1482,1473,0.6,0,24.03,24.36,24.3,25.0,-0.33,-0.0133,-0.0387,0.1024,-0.1411,-0.3,0.7663109104628918,-0.29,0.7698149891880278,0.7761194029850746,3/4,0.75,False,False
cccbc|ac,0.5,1.0,2.0,323,323,0.0,0,32.82,32.15,32.15,33.33,0.67,0.0202,-0.0155,0.2155,-0.231,0.26,0.7957356587426367,0.29,0.7726371997005386,0.7761194029850746,3/4,0.75,False,False
aaaab|cc,0.5,2.0,4.0,376,376,0.0,0,20.21,19.54,19.37,20.0,0.68,0.0338,0.0106,0.204,-0.1934,0.33,0.7410618707249566,0.28,0.7760697547213442,0.7960199004975125,3/4,0.75,False,False
ddddd|bb,1.0,3.0,3.0,1444,1435,0.6,0,23.9,24.38,24.3,25.0,-0.48,-0.019,-0.0439,0.1025,-0.1464,-0.42,0.6742215912591935,-0.28,0.781023428213452,0.7512437810945274,2/4,0.5,False,False
aabbb|bb,0.5,1.0,2.0,341,341,0.0,0,31.67,32.2,32.15,33.33,-0.52,-0.0157,-0.0499,0.2073,-0.2572,-0.21,0.8355997909455394,-0.27,0.7869689962503433,0.8308457711442786,2/4,0.5,False,False
bbbcb|ca,1.0,2.0,2.0,300,300,0.0,0,33.67,32.64,32.7,33.33,1.03,0.0308,0.01,0.1108,-0.1008,0.38,0.7041622046810356,0.27,0.7843079891202281,0.8159203980099502,3/4,0.75,False,False
ccccc|bc,0.5,1.0,2.0,422,422,0.0,0,32.46,32.05,32.15,33.33,0.42,0.0125,-0.0261,0.2273,-0.2534,0.18,0.8538308151202814,0.26,0.7975816951849185,0.8109452736318408,2/4,0.5,False,False
bbbcc|cb,1.0,3.0,3.0,410,410,0.0,0,23.9,24.35,24.3,25.0,-0.45,-0.018,-0.0439,0.1099,-0.1538,-0.21,0.8316069065088156,-0.26,0.794608633658502,0.7611940298507462,2/4,0.5,False,False
dcccc|bb,1.0,1.0,1.0,328,328,0.0,0,50.0,49.21,49.43,50.0,0.79,0.0157,0.0,0.1082,-0.1082,0.29,0.7755393124673389,0.26,0.7937997813864945,0.7761194029850746,2/4,0.5,False,False
bbbcc|cb,0.5,1.0,2.0,410,410,0.0,0,32.93,32.12,32.15,33.33,0.8,0.0241,-0.0122,0.2198,-0.232,0.35,0.7277564127391649,0.25,0.7988503365408381,0.8159203980099502,2/4,0.5,False,False
aaaaa|ca,0.5,1.0,2.0,1031,1031,0.0,0,32.01,32.28,32.15,33.33,-0.28,-0.0083,-0.0398,0.2026,-0.2423,-0.19,0.8489522908061706,-0.25,0.7995274888090557,0.8059701492537313,2/4,0.5,False,False
bcccc|bb,0.5,3.0,6.0,374,373,0.3,0,13.94,13.6,13.67,14.29,0.34,0.0238,-0.0241,0.2244,-0.2485,0.19,0.8480246542551184,0.24,0.8117857377612698,0.8159203980099502,2/4,0.5,False,False
dcccc|bb,0.5,3.0,6.0,328,326,0.6,0,14.11,13.58,13.67,14.29,0.53,0.0371,-0.0123,0.2164,-0.2287,0.28,0.779810330828121,0.24,0.8104153995278738,0.7761194029850746,1/4,0.25,False,False
baaaa|ac,1.0,3.0,3.0,377,376,0.0,1,23.67,24.16,24.3,25.0,-0.49,-0.0195,-0.0532,0.1009,-0.1541,-0.22,0.82510122178996,-0.24,0.8074362228966168,0.7711442786069652,2/4,0.5,False,False
baaaa|ab,1.0,1.0,1.0,473,473,0.0,0,49.89,49.57,49.43,50.0,0.32,0.0065,-0.0021,0.1046,-0.1067,0.14,0.8875945125658975,0.23,0.8142935111038425,0.8557213930348259,2/4,0.5,False,False
abbbb|bb,1.0,2.0,2.0,335,335,0.0,0,33.13,32.81,32.7,33.33,0.32,0.0097,-0.006,0.1064,-0.1124,0.13,0.899760764535717,0.23,0.8149859544505349,0.8308457711442786,2/4,0.5,False,False
cccbc|ac,0.5,2.0,4.0,323,323,0.0,0,18.89,19.39,19.37,20.0,-0.51,-0.0254,-0.0557,0.2155,-0.2713,-0.23,0.8170276984912295,-0.22,0.8270009164683036,0.8656716417910447,2/4,0.5,False,False
ddddd|aa,0.5,3.0,6.0,494,492,0.4,0,13.82,13.74,13.67,14.29,0.08,0.0057,-0.0325,0.1987,-0.2312,0.05,0.9583814687829572,0.21,0.8361003797204464,0.8606965174129353,3/4,0.75,False,False
baaaa|bb,1.0,3.0,3.0,391,389,0.5,0,24.16,24.62,24.3,25.0,-0.46,-0.0183,-0.0334,0.1061,-0.1395,-0.21,0.8334191829916733,-0.21,0.8369445333216249,0.7960199004975125,2/4,0.5,False,False
bbbbb|bb,1.0,2.0,2.0,619,619,0.0,0,32.31,32.58,32.7,33.33,-0.27,-0.008,-0.0307,0.1121,-0.1428,-0.14,0.8873417150956755,-0.21,0.8368718863686486,0.8606965174129353,3/4,0.75,False,False
bbbbb|ab,1.0,2.0,2.0,385,385,0.0,0,32.73,32.6,32.7,33.33,0.12,0.0037,-0.0182,0.1139,-0.1321,0.05,0.9590259415695396,0.21,0.835756347351228,0.8656716417910447,2/4,0.5,False,False
aaaaa|ab,1.0,1.0,1.0,1567,1567,0.0,0,49.27,49.48,49.43,50.0,-0.21,-0.0042,-0.0147,0.1023,-0.117,-0.17,0.8681206040807457,-0.2,0.8389149349004106,0.8109452736318408,2/4,0.5,False,False
baaaa|ab,0.5,2.0,4.0,473,473,0.0,0,19.03,19.46,19.37,20.0,-0.43,-0.0214,-0.0486,0.2091,-0.2577,-0.24,0.8137840768470301,-0.2,0.8451641885026617,0.8507462686567164,1/4,0.25,False,False
cccbc|ac,1.0,2.0,2.0,323,323,0.0,0,33.13,32.72,32.7,33.33,0.41,0.0123,-0.0062,0.1078,-0.114,0.16,0.8751731559668186,0.19,0.849771562469835,0.8855721393034826,3/4,0.75,False,False
ddddd|bb,1.0,2.0,2.0,1444,1444,0.0,0,32.34,32.78,32.7,33.33,-0.44,-0.0132,-0.0298,0.1025,-0.1322,-0.36,0.7215226694962916,-0.19,0.848131552995868,0.8208955223880597,2/4,0.5,False,False
bbbcb|ca,1.0,1.0,1.0,300,300,0.0,0,49.0,49.21,49.43,50.0,-0.21,-0.0042,-0.02,0.1108,-0.1308,-0.07,0.9420897572815339,-0.19,0.8523804099123593,0.8507462686567164,1/4,0.25,False,False
bbbcc|cb,1.0,1.0,1.0,410,410,0.0,0,49.02,49.32,49.43,50.0,-0.29,-0.0059,-0.0195,0.1099,-0.1294,-0.12,0.9053770896629499,-0.18,0.860545598217143,0.8955223880597015,1/4,0.25,False,False
baaaa|ac,0.5,1.0,2.0,377,377,0.0,0,31.83,32.13,32.15,33.33,-0.3,-0.0089,-0.0451,0.2018,-0.2469,-0.12,0.9014071350386896,-0.18,0.8544000589969234,0.8059701492537313,2/4,0.5,False,False
baaaa|ab,1.0,3.0,3.0,473,468,1.1,0,23.93,24.29,24.3,25.0,-0.36,-0.0144,-0.0427,0.1046,-0.1473,-0.18,0.8552153289137284,-0.18,0.8600668226656446,0.8606965174129353,2/4,0.5,False,False
ddddd|ca,0.5,3.0,6.0,1524,1520,0.3,0,13.75,13.62,13.67,14.29,0.13,0.0094,-0.0375,0.2015,-0.239,0.15,0.8789377699088663,0.18,0.8582009112104664,0.8507462686567164,2/4,0.5,False,False
aabbb|bb,0.5,2.0,4.0,341,341,0.0,0,19.94,19.46,19.37,20.0,0.48,0.024,-0.0029,0.2073,-0.2103,0.22,0.8224889191688367,0.18,0.8588248142522572,0.8855721393034826,2/4,0.5,False,False
aaaaa|ab,0.5,1.0,2.0,1567,1567,0.0,0,32.48,32.24,32.15,33.33,0.24,0.0073,-0.0255,0.2046,-0.2302,0.21,0.8374972480872479,0.17,0.865306847743005,0.8159203980099502,2/4,0.5,False,False
aaaaa|ba,0.5,3.0,6.0,1518,1516,0.1,0,13.79,13.64,13.67,14.29,0.15,0.0105,-0.035,0.2071,-0.2421,0.17,0.8649681922630003,0.16,0.8728343381733473,0.8557213930348259,3/4,0.75,False,False
baaaa|ba,0.5,3.0,6.0,421,419,0.5,0,13.84,13.55,13.67,14.29,0.29,0.0202,-0.031,0.206,-0.237,0.17,0.8627335037812729,0.16,0.8699349463469528,0.8855721393034826,2/4,0.5,False,False
bbbbb|ab,1.0,3.0,3.0,385,385,0.0,0,24.16,24.18,24.3,25.0,-0.03,-0.0012,-0.0338,0.1139,-0.1477,-0.01,0.9894668496537727,0.15,0.8835932340860165,0.8855721393034826,2/4,0.5,False,False
bbbbb|bb,1.0,1.0,1.0,619,619,0.0,0,49.6,49.21,49.43,50.0,0.39,0.0077,-0.0081,0.1121,-0.1202,0.19,0.8471541347465334,0.15,0.880124377410214,0.9054726368159204,3/4,0.75,False,False
cdddd|cb,1.0,1.0,1.0,448,448,0.0,0,49.33,49.49,49.43,50.0,-0.16,-0.0032,-0.0134,0.1019,-0.1153,-0.07,0.9462808016013893,-0.14,0.8925865556207108,0.9104477611940298,1/4,0.25,False,False
cccbc|ac,1.0,1.0,1.0,323,323,0.0,0,49.85,49.39,49.43,50.0,0.45,0.0091,-0.0031,0.1078,-0.1109,0.16,0.8703072433243986,0.14,0.8883152857757957,0.9203980099502488,3/4,0.75,False,False
aaaab|bc,1.0,2.0,2.0,579,579,0.0,0,32.3,32.64,32.7,33.33,-0.34,-0.0103,-0.0311,0.1046,-0.1357,-0.18,0.8604407653609654,-0.14,0.885552552322686,0.8805970149253731,2/4,0.5,False,False
bbbbc|bc,1.0,1.0,1.0,410,410,0.0,0,49.76,49.13,49.43,50.0,0.63,0.0126,-0.0049,0.109,-0.1139,0.25,0.7989698511531576,0.13,0.8943599110832929,0.8905472636815921,1/4,0.25,False,False
dddcc|ab,0.5,1.0,2.0,540,540,0.0,0,32.04,32.09,32.15,33.33,-0.05,-0.0016,-0.0389,0.2066,-0.2455,-0.03,0.9787869017576639,0.13,0.8931647679451508,0.9154228855721394,2/4,0.5,False,False
ddddd|bc,0.5,3.0,6.0,1482,1481,0.1,0,13.84,13.68,13.67,14.29,0.16,0.011,-0.0311,0.2048,-0.2358,0.18,0.8597505079465586,0.13,0.8943428668204186,0.9104477611940298,2/4,0.5,False,False
aaaaa|aa,1.0,2.0,2.0,1443,1439,0.3,0,32.45,32.65,32.7,33.33,-0.2,-0.0059,-0.0264,0.1004,-0.1268,-0.16,0.8730971043539197,-0.13,0.89844869054329,0.8855721393034826,2/4,0.5,False,False
aaaaa|aa,0.5,3.0,6.0,1443,1436,0.5,0,13.72,13.57,13.67,14.29,0.14,0.0101,-0.0397,0.2007,-0.2404,0.16,0.8726383123258659,0.13,0.8944514822027104,0.9203980099502488,2/4,0.5,False,False
ddddd|ab,1.0,2.0,2.0,937,936,0.1,0,32.91,32.76,32.7,33.33,0.14,0.0043,-0.0128,0.0997,-0.1125,0.09,0.9248125444034099,0.12,0.9058979690610066,0.8955223880597015,2/4,0.5,False,False
ddddd|bb,0.5,3.0,6.0,1444,1442,0.1,0,13.73,13.71,13.67,14.29,0.02,0.0016,-0.0388,0.2049,-0.2437,0.03,0.9794250033080866,0.11,0.9155590338422223,0.9253731343283582,2/4,0.5,False,False
dddcd|ac,0.5,1.0,2.0,434,434,0.0,0,32.26,32.08,32.15,33.33,0.18,0.0053,-0.0323,0.2101,-0.2424,0.08,0.9366166106420235,0.1,0.9177514153975588,0.9253731343283582,2/4,0.5,False,False
bbbcb|ca,0.5,3.0,6.0,300,300,0.0,0,14.0,13.66,13.67,14.29,0.34,0.0235,-0.02,0.2215,-0.2415,0.17,0.865135986336852,0.1,0.9231597792145902,0.9104477611940298,2/4,0.5,False,False
baaaa|bb,1.0,1.0,1.0,391,391,0.0,0,49.36,49.65,49.43,50.0,-0.29,-0.0058,-0.0128,0.1061,-0.1189,-0.12,0.908132064040188,-0.1,0.9164105815054124,0.9502487562189055,1/4,0.25,False,False
baaaa|ba,1.0,1.0,1.0,421,421,0.0,0,49.17,49.43,49.43,50.0,-0.26,-0.0052,-0.0166,0.103,-0.1196,-0.11,0.9156235284325137,-0.09,0.9249967699174664,0.9502487562189055,2/4,0.5,False,False
ccccc|bc,1.0,1.0,1.0,422,422,0.0,0,49.53,49.27,49.43,50.0,0.26,0.0052,-0.0095,0.1137,-0.1231,0.11,0.9151759410775597,0.08,0.9344887329281406,0.9651741293532339,2/4,0.5,False,False
bbbbb|ab,1.0,1.0,1.0,385,385,0.0,0,49.35,49.14,49.43,50.0,0.21,0.0042,-0.013,0.1139,-0.1269,0.08,0.9349288752980782,0.08,0.9370579052175961,0.9353233830845771,2/4,0.5,False,False
bbbbb|ab,0.5,1.0,2.0,385,385,0.0,0,32.21,31.97,32.15,33.33,0.23,0.007,-0.0338,0.2279,-0.2617,0.1,0.9214693453625812,0.08,0.9369666531897914,0.9303482587064676,2/4,0.5,False,False
cccbc|ac,1.0,3.0,3.0,323,321,0.6,0,24.61,24.43,24.3,25.0,0.18,0.0073,-0.0156,0.1078,-0.1233,0.08,0.9395352457678935,0.06,0.9559753542072041,0.9552238805970149,2/4,0.5,False,False
baaaa|ab,1.0,2.0,2.0,473,472,0.2,0,32.63,32.76,32.7,33.33,-0.13,-0.004,-0.0212,0.1046,-0.1257,-0.06,0.9503172399327809,-0.04,0.9706837060324784,0.9502487562189055,2/4,0.5,False,False
ccccc|bc,1.0,2.0,2.0,422,422,0.0,0,32.46,32.73,32.7,33.33,-0.26,-0.0079,-0.0261,0.1137,-0.1397,-0.12,0.9076467919213265,-0.04,0.9701751775684532,0.9850746268656716,2/4,0.5,False,False
aaaaa|bb,0.5,1.0,2.0,1425,1425,0.0,0,32.28,32.23,32.15,33.33,0.05,0.0015,-0.0316,0.2031,-0.2347,0.04,0.9677785661545175,0.04,0.9697288215919817,0.9751243781094527,2/4,0.5,False,False
aaaaa|aa,0.5,2.0,4.0,1443,1442,0.1,0,19.35,19.34,19.37,20.0,0.01,0.0004,-0.0326,0.2007,-0.2333,0.01,0.9942240610018441,-0.04,0.9680097649549904,1.0,2/4,0.5,False,False
aaaaa|bb,0.5,2.0,4.0,1425,1425,0.0,0,19.37,19.38,19.37,20.0,-0.01,-0.0006,-0.0316,0.2031,-0.2347,-0.01,0.9914641054381246,-0.03,0.9732189469274514,0.9850746268656716,1/4,0.25,False,False
ddddd|bb,0.5,2.0,4.0,1444,1444,0.0,0,19.39,19.45,19.37,20.0,-0.06,-0.003,-0.0305,0.2049,-0.2354,-0.06,0.9539261502933734,0.03,0.9761175933957661,0.9701492537313433,2/4,0.5,False,False
ddddd|ab,1.0,3.0,3.0,937,925,1.3,0,24.22,24.29,24.3,25.0,-0.08,-0.0031,-0.0314,0.0997,-0.131,-0.06,0.9556020200392097,0.02,0.9852264176050658,0.9800995024875622,2/4,0.5,False,False
bbbbc|bc,0.5,2.0,4.0,410,410,0.0,0,19.27,19.21,19.37,20.0,0.05,0.0027,-0.0366,0.218,-0.2546,0.03,0.9778320707290327,-0.02,0.9823312637901463,0.9751243781094527,2/4,0.5,False,False
ccccc|bb,0.5,2.0,4.0,621,621,0.0,0,19.32,19.2,19.37,20.0,0.12,0.0062,-0.0338,0.2284,-0.2622,0.08,0.9378415380566801,0.01,0.9897521029872565,0.9850746268656716,3/4,0.75,False,False
ddddd|ab,0.5,1.0,2.0,937,937,0.0,0,32.23,32.24,32.15,33.33,-0.01,-0.0003,-0.0331,0.1993,-0.2324,-0.01,0.9947215458966231,0.01,0.9957069251036025,0.9950248756218906,2/4,0.5,False,False
aaaaa|bb,1.0,3.0,3.0,1425,1413,0.8,0,24.35,24.21,24.3,25.0,0.14,0.0055,-0.0262,0.1015,-0.1277,0.12,0.9036959109590761,-0.01,0.9890024171690257,0.9800995024875622,3/4,0.75,False,False
baaaa|ba,1.0,3.0,3.0,421,415,1.4,0,24.1,24.09,24.3,25.0,0.01,0.0004,-0.0361,0.103,-0.1391,0.0,0.9963636837823246,0.0,0.9967895333371032,0.9850746268656716,1/4,0.25,False,False
