time,cash,unrealised,equity,exposure
2021-01-04,25000.0,0.0,25000.0,0.0
2021-01-05,25000.0,0.0,25000.0,0.0
2021-01-06,25000.0,0.0,25000.0,0.0
2021-01-07,25000.0,0.0,25000.0,0.0
2021-01-08,25000.0,0.0,25000.0,0.0
2021-01-11,25000.0,0.0,25000.0,0.0
2021-01-12,25000.0,0.0,25000.0,0.0
2021-01-13,25000.0,0.0,25000.0,0.0
2021-01-14,25000.0,0.0,25000.0,0.0
2021-01-15,25000.0,0.0,25000.0,0.0
2021-01-18,25000.0,0.0,25000.0,0.0
2021-01-19,25000.0,0.0,25000.0,0.0
2021-01-20,25000.0,0.0,25000.0,0.0
2021-01-21,25000.0,0.0,25000.0,0.0
2021-01-22,25000.0,0.0,25000.0,0.0
2021-01-25,25000.0,0.0,25000.0,0.0
2021-01-26,25000.0,0.0,25000.0,0.0
2021-01-27,25000.0,0.0,25000.0,0.0
2021-01-28,25000.0,0.0,25000.0,0.0
2021-01-29,25000.0,0.0,25000.0,0.0
2021-02-01,25000.0,0.0,25000.0,0.0
2021-02-02,25000.0,0.0,25000.0,0.0
2021-02-03,25000.0,0.0,25000.0,0.0
2021-02-04,25000.0,0.0,25000.0,0.0
2021-02-05,25000.0,0.0,25000.0,0.0
2021-02-08,25000.0,0.0,25000.0,0.0
2021-02-09,25000.0,0.0,25000.0,0.0
2021-02-10,25000.0,0.0,25000.0,0.0
2021-02-11,25000.0,0.0,25000.0,0.0
2021-02-12,25000.0,0.0,25000.0,0.0
2021-02-15,25000.0,0.0,25000.0,0.0
2021-02-16,25000.0,0.0,25000.0,0.0
2021-02-17,25000.0,0.0,25000.0,0.0
2021-02-18,25000.0,0.0,25000.0,0.0
2021-02-19,25000.0,0.0,25000.0,0.0
2021-02-22,25000.0,0.0,25000.0,0.0
2021-02-23,25000.0,0.0,25000.0,0.0
2021-02-24,25000.0,0.0,25000.0,0.0
2021-02-25,25000.0,0.0,25000.0,0.0
2021-02-26,25000.0,0.0,25000.0,0.0
2021-03-01,25000.0,0.0,25000.0,0.0
2021-03-02,25000.0,0.0,25000.0,0.0
2021-03-03,25000.0,0.0,25000.0,0.0
2021-03-04,25000.0,0.0,25000.0,0.0
2021-03-05,25000.0,0.0,25000.0,0.0
2021-03-08,25000.0,0.0,25000.0,0.0
2021-03-09,25000.0,0.0,25000.0,0.0
2021-03-10,25000.0,0.0,25000.0,0.0
2021-03-11,25000.0,0.0,25000.0,0.0
2021-03-12,25000.0,0.0,25000.0,0.0
2021-03-15,25000.0,0.0,25000.0,0.0
2021-03-16,25000.0,0.0,25000.0,0.0
2021-03-17,25000.0,0.0,25000.0,0.0
2021-03-18,25000.0,0.0,25000.0,0.0
2021-03-19,25000.0,0.0,25000.0,0.0
2021-03-22,25000.0,0.0,25000.0,0.0
2021-03-23,25000.0,0.0,25000.0,0.0
2021-03-24,25000.0,0.0,25000.0,0.0
2021-03-25,25000.0,0.0,25000.0,0.0
2021-03-26,25000.0,0.0,25000.0,0.0
2021-03-29,25000.0,0.0,25000.0,0.0
2021-03-30,25000.0,0.0,25000.0,0.0
2021-03-31,25000.0,0.0,25000.0,0.0
2021-04-01,25000.0,0.0,25000.0,0.0
2021-04-05,25000.0,0.0,25000.0,0.0
2021-04-06,25000.0,0.0,25000.0,0.0
2021-04-07,25000.0,0.0,25000.0,0.0
2021-04-08,25000.0,0.0,25000.0,0.0
2021-04-09,25000.0,0.0,25000.0,0.0
2021-04-12,25000.0,0.0,25000.0,0.0
2021-04-13,25000.0,0.0,25000.0,0.0
2021-04-14,25000.0,0.0,25000.0,0.0
2021-04-15,25000.0,0.0,25000.0,0.0
2021-04-16,25000.0,0.0,25000.0,0.0
2021-04-19,25000.0,0.0,25000.0,0.0
2021-04-20,25000.0,0.0,25000.0,0.0
2021-04-21,25000.0,0.0,25000.0,0.0
2021-04-22,25000.0,0.0,25000.0,0.0
2021-04-23,25000.0,0.0,25000.0,0.0
2021-04-26,25000.0,0.0,25000.0,0.0
2021-04-27,25000.0,0.0,25000.0,0.0
2021-04-28,25000.0,0.0,25000.0,0.0
2021-04-29,25000.0,0.0,25000.0,0.0
2021-04-30,25000.0,0.0,25000.0,0.0
2021-05-03,25000.0,0.0,25000.0,0.0
2021-05-04,25000.0,0.0,25000.0,0.0
2021-05-05,25000.0,0.0,25000.0,0.0
2021-05-06,25000.0,0.0,25000.0,0.0
2021-05-07,25000.0,20.897741035893194,25020.897741035893,0.01
2021-05-10,25000.0,26.83341039850383,25026.833410398503,0.01
2021-05-11,25000.0,29.077519003812853,25029.07751900381,0.01
2021-05-12,25000.0,1.0697295018309312,25001.069729501833,0.01
2021-05-13,25000.0,15.307684966153932,25015.307684966156,0.01
2021-05-14,25000.0,36.172730836401584,25036.172730836402,0.01
2021-05-17,25000.0,67.125751586515,25067.125751586515,0.01
2021-05-18,25000.0,70.6629510418087,25070.66295104181,0.01
2021-05-19,25000.0,70.20054477880038,25070.2005447788,0.01
2021-05-20,25000.0,80.8174619677627,25080.817461967763,0.01
2021-05-21,25000.0,86.38047750150649,25086.380477501505,0.01
2021-05-24,25000.0,85.59559523320573,25085.595595233204,0.01
2021-05-25,25000.0,109.01109539018196,25109.011095390182,0.01
2021-05-26,25000.0,105.78921902548423,25105.789219025482,0.01
2021-05-27,25000.0,105.71510188151706,25105.715101881517,0.01
2021-05-28,25000.0,114.44149362507693,25114.441493625076,0.01
2021-05-31,25000.0,119.36666469632145,25119.36666469632,0.01
2021-06-01,25000.0,110.84242980068738,25110.842429800687,0.01
2021-06-02,25000.0,120.7593822339671,25120.759382233966,0.01
2021-06-03,25000.0,72.09536407255591,25072.095364072557,0.01
2021-06-04,25000.0,100.40583367809305,25100.405833678094,0.01
2021-06-07,25000.0,109.0588864944368,25109.058886494437,0.01
2021-06-08,25000.0,100.8676920547103,25100.86769205471,0.01
2021-06-09,25000.0,95.46065125272487,25095.460651252724,0.01
2021-06-10,25000.0,108.41012766274137,25108.41012766274,0.01
2021-06-11,25000.0,79.4571943450637,25079.457194345065,0.01
2021-06-14,25000.0,66.74392047232551,25066.743920472327,0.01
2021-06-15,25000.0,57.107671788658315,25057.107671788657,0.01
2021-06-16,25000.0,-3.5655707995192056,24996.434429200483,0.01
2021-06-17,25000.0,-54.54145630791338,24945.458543692086,0.01
2021-06-18,25000.0,-66.3088509366118,24933.691149063387,0.01
2021-06-21,25000.0,-42.32016184408008,24957.67983815592,0.01
2021-06-22,25000.0,-47.548541377131635,24952.45145862287,0.01
2021-06-23,25000.0,-47.26614601747321,24952.733853982525,0.01
2021-06-24,25000.0,-52.4516889424849,24947.548311057515,0.01
2021-06-25,24947.395575335613,0.0,24947.395575335613,0.0
2021-06-28,24947.395575335613,0.0,24947.395575335613,0.0
2021-06-29,24947.395575335613,0.0,24947.395575335613,0.0
2021-06-30,24947.395575335613,0.0,24947.395575335613,0.0
2021-07-01,24947.395575335613,0.0,24947.395575335613,0.0
2021-07-02,24947.395575335613,0.0,24947.395575335613,0.0
2021-07-05,24947.395575335613,0.0,24947.395575335613,0.0
2021-07-06,24947.395575335613,0.0,24947.395575335613,0.0
2021-07-07,24947.395575335613,0.0,24947.395575335613,0.0
2021-07-08,24947.395575335613,0.0,24947.395575335613,0.0
2021-07-09,24947.395575335613,0.0,24947.395575335613,0.0
2021-07-12,24947.395575335613,0.0,24947.395575335613,0.0
2021-07-13,24947.395575335613,0.0,24947.395575335613,0.0
2021-07-14,24947.395575335613,0.0,24947.395575335613,0.0
2021-07-15,24947.395575335613,0.0,24947.395575335613,0.0
2021-07-16,24947.395575335613,0.0,24947.395575335613,0.0
2021-07-19,24947.395575335613,0.0,24947.395575335613,0.0
2021-07-20,24947.395575335613,0.0,24947.395575335613,0.0
2021-07-21,24947.395575335613,0.0,24947.395575335613,0.0
2021-07-22,24947.395575335613,0.0,24947.395575335613,0.0
2021-07-23,24947.395575335613,0.0,24947.395575335613,0.0
2021-07-26,24947.395575335613,0.0,24947.395575335613,0.0
2021-07-27,24947.395575335613,0.0,24947.395575335613,0.0
2021-07-28,24947.395575335613,0.0,24947.395575335613,0.0
2021-07-29,24947.395575335613,0.0,24947.395575335613,0.0
2021-07-30,24947.395575335613,0.0,24947.395575335613,0.0
2021-08-02,24947.395575335613,0.0,24947.395575335613,0.0
2021-08-03,24947.395575335613,0.0,24947.395575335613,0.0
2021-08-04,24947.395575335613,0.0,24947.395575335613,0.0
2021-08-05,24947.395575335613,0.0,24947.395575335613,0.0
2021-08-06,24947.395575335613,0.0,24947.395575335613,0.0
2021-08-09,24947.395575335613,0.0,24947.395575335613,0.0
2021-08-10,24947.395575335613,0.0,24947.395575335613,0.0
2021-08-11,24947.395575335613,0.0,24947.395575335613,0.0
2021-08-12,24947.395575335613,0.0,24947.395575335613,0.0
2021-08-13,24947.395575335613,0.0,24947.395575335613,0.0
2021-08-16,24947.395575335613,0.0,24947.395575335613,0.0
2021-08-17,24947.395575335613,0.0,24947.395575335613,0.0
2021-08-18,24947.395575335613,0.0,24947.395575335613,0.0
2021-08-19,24947.395575335613,0.0,24947.395575335613,0.0
2021-08-20,24947.395575335613,0.0,24947.395575335613,0.0
2021-08-23,24947.395575335613,0.0,24947.395575335613,0.0
2021-08-24,24947.395575335613,0.0,24947.395575335613,0.0
2021-08-25,24947.395575335613,0.0,24947.395575335613,0.0
2021-08-26,24947.395575335613,0.0,24947.395575335613,0.0
2021-08-27,24947.395575335613,0.0,24947.395575335613,0.0
2021-08-30,24947.395575335613,0.0,24947.395575335613,0.0
2021-08-31,24947.395575335613,0.0,24947.395575335613,0.0
2021-09-01,24947.395575335613,0.0,24947.395575335613,0.0
2021-09-02,24947.395575335613,0.0,24947.395575335613,0.0
2021-09-03,24947.395575335613,0.0,24947.395575335613,0.0
2021-09-06,24947.395575335613,0.0,24947.395575335613,0.0
2021-09-07,24947.395575335613,-39.2444120257448,24908.151163309867,0.01
2021-09-08,24947.395575335613,-46.22092162706209,24901.174653708553,0.01
2021-09-09,24899.48831873475,0.0,24899.48831873475,0.0
2021-09-10,24899.48831873475,0.0,24899.48831873475,0.0
2021-09-13,24899.48831873475,0.0,24899.48831873475,0.0
2021-09-14,24899.48831873475,0.0,24899.48831873475,0.0
2021-09-15,24899.48831873475,0.0,24899.48831873475,0.0
2021-09-16,24899.48831873475,0.0,24899.48831873475,0.0
2021-09-17,24899.48831873475,0.0,24899.48831873475,0.0
2021-09-20,24899.48831873475,0.0,24899.48831873475,0.0
2021-09-21,24899.48831873475,0.0,24899.48831873475,0.0
2021-09-22,24899.48831873475,0.0,24899.48831873475,0.0
2021-09-23,24899.48831873475,0.0,24899.48831873475,0.0
2021-09-24,24899.48831873475,0.0,24899.48831873475,0.0
2021-09-27,24899.48831873475,0.0,24899.48831873475,0.0
2021-09-28,24899.48831873475,0.0,24899.48831873475,0.0
2021-09-29,24899.48831873475,0.0,24899.48831873475,0.0
2021-09-30,24899.48831873475,0.0,24899.48831873475,0.0
2021-10-01,24899.48831873475,0.0,24899.48831873475,0.0
2021-10-04,24899.48831873475,0.0,24899.48831873475,0.0
2021-10-05,24899.48831873475,0.0,24899.48831873475,0.0
2021-10-06,24899.48831873475,0.0,24899.48831873475,0.0
2021-10-07,24899.48831873475,0.0,24899.48831873475,0.0
2021-10-08,24899.48831873475,0.0,24899.48831873475,0.0
2021-10-11,24899.48831873475,0.0,24899.48831873475,0.0
2021-10-12,24899.48831873475,0.0,24899.48831873475,0.0
2021-10-13,24899.48831873475,0.0,24899.48831873475,0.0
2021-10-14,24899.48831873475,0.0,24899.48831873475,0.0
2021-10-15,24899.48831873475,0.0,24899.48831873475,0.0
2021-10-18,24899.48831873475,0.0,24899.48831873475,0.0
2021-10-19,24899.48831873475,0.0,24899.48831873475,0.0
2021-10-20,24899.48831873475,0.0,24899.48831873475,0.0
2021-10-21,24899.48831873475,0.0,24899.48831873475,0.0
2021-10-22,24899.48831873475,0.0,24899.48831873475,0.0
2021-10-25,24899.48831873475,0.0,24899.48831873475,0.0
2021-10-26,24899.48831873475,0.0,24899.48831873475,0.0
2021-10-27,24899.48831873475,0.0,24899.48831873475,0.0
2021-10-28,24899.48831873475,0.0,24899.48831873475,0.0
2021-10-29,24899.48831873475,-21.42590337319131,24878.06241536156,0.01
2021-11-01,24899.48831873475,-8.004666775898972,24891.483651958853,0.01
2021-11-02,24899.48831873475,-14.920413593453382,24884.5679051413,0.01
2021-11-03,24899.48831873475,-39.74555477768077,24859.74276395707,0.01
2021-11-04,24899.48831873475,-10.122746151444424,24889.36557258331,0.01
2021-11-05,24899.48831873475,25.32729887361851,24924.81561760837,0.01
2021-11-08,24899.48831873475,33.936821862211175,24933.425140596963,0.01
2021-11-09,24899.48831873475,44.034193047802844,24943.522511782554,0.01
2021-11-10,24899.48831873475,67.8850997825714,24967.373418517323,0.01
2021-11-11,24899.48831873475,85.61147243512873,24985.09979116988,0.01
2021-11-12,24899.48831873475,89.48591557928462,24988.974234314035,0.01
2021-11-15,24899.48831873475,86.78382094950537,24986.272139684257,0.01
2021-11-16,24899.48831873475,69.9210971767144,24969.409415911465,0.01
2021-11-17,24899.48831873475,93.37185821970144,24992.86017695445,0.01
2021-11-18,24899.48831873475,82.24613176285953,24981.73445049761,0.01
2021-11-19,24899.48831873475,63.82472141294876,24963.3130401477,0.01
2021-11-22,24899.48831873475,7.8123690869598805,24907.300687821713,0.01
2021-11-23,24899.48831873475,-14.023786965512016,24885.46453176924,0.01
2021-11-24,24899.48831873475,-14.77268526567336,24884.715633469077,0.01
2021-11-25,24899.48831873475,-14.611672072290874,24884.876646662462,0.01
2021-11-26,24899.48831873475,-10.967180127971975,24888.52113860678,0.01
2021-11-29,24899.48831873475,-20.445322114545853,24879.042996620206,0.01
2021-11-30,24899.48831873475,-34.03197715733781,24865.456341577414,0.01
2021-12-01,24899.48831873475,-24.32981631973685,24875.158502415015,0.01
2021-12-02,24899.48831873475,-43.58116679155792,24855.907151943193,0.01
2021-12-03,24899.48831873475,-21.568394509449742,24877.9199242253,0.01
2021-12-06,24899.48831873475,-29.71365976539807,24869.774658969352,0.01
2021-12-07,24899.48831873475,-21.41466774799145,24878.07365098676,0.01
2021-12-08,24876.115605918447,0.0,24876.115605918447,0.0
2021-12-09,24876.115605918447,0.0,24876.115605918447,0.0
2021-12-10,24876.115605918447,0.0,24876.115605918447,0.0
2021-12-13,24876.115605918447,0.0,24876.115605918447,0.0
2021-12-14,24876.115605918447,0.0,24876.115605918447,0.0
2021-12-15,24876.115605918447,0.0,24876.115605918447,0.0
2021-12-16,24876.115605918447,0.0,24876.115605918447,0.0
2021-12-17,24876.115605918447,0.0,24876.115605918447,0.0
2021-12-20,24876.115605918447,0.0,24876.115605918447,0.0
2021-12-21,24876.115605918447,0.0,24876.115605918447,0.0
2021-12-22,24876.115605918447,0.0,24876.115605918447,0.0
2021-12-23,24876.115605918447,0.0,24876.115605918447,0.0
2021-12-27,24876.115605918447,0.0,24876.115605918447,0.0
2021-12-28,24876.115605918447,0.0,24876.115605918447,0.0
2021-12-29,24876.115605918447,-1.96175107190073,24874.153854846547,0.01
2021-12-30,24876.115605918447,12.12322802096563,24888.238833939413,0.01
2021-12-31,24876.115605918447,31.64886414047349,24907.76447005892,0.01
2022-01-03,24876.115605918447,-6.299084807005837,24869.81652111144,0.01
2022-01-04,24876.115605918447,12.122822546427004,24888.238428464872,0.01
2022-01-05,24876.115605918447,6.293485830838263,24882.409091749287,0.01
2022-01-06,24876.115605918447,-20.66096938450384,24855.454636533945,0.01
2022-01-07,24876.115605918447,-13.152778258695193,24862.96282765975,0.01
2022-01-10,24876.115605918447,-5.664814056208088,24870.45079186224,0.01
2022-01-11,24876.115605918447,21.870284800755673,24897.985890719203,0.01
2022-01-12,24876.115605918447,28.196007066510038,24904.31161298496,0.01
2022-01-13,24876.115605918447,23.046523032887247,24899.162128951335,0.01
2022-01-14,24876.115605918447,16.16162439682058,24892.277230315267,0.01
2022-01-17,24876.115605918447,18.243731977145675,24894.359337895592,0.01
2022-01-18,24876.115605918447,10.923898624307634,24887.039504542754,0.01
2022-01-19,24876.115605918447,48.27281830688577,24924.388424225333,0.01
2022-01-20,24876.115605918447,46.81989670625012,24922.935502624696,0.01
2022-01-21,24876.115605918447,39.65033213381774,24915.765938052264,0.01
2022-01-24,24876.115605918447,51.92473333816968,24928.040339256615,0.01
2022-01-25,24876.115605918447,59.15192061466827,24935.267526533116,0.01
2022-01-26,24876.115605918447,19.09699969713956,24895.212605615587,0.01
2022-01-27,24876.115605918447,-12.205080743171777,24863.910525175274,0.01
2022-01-28,24876.115605918447,-20.189140855158293,24855.926465063287,0.01
2022-01-31,24876.115605918447,-12.088455695766196,24864.027150222682,0.01
2022-02-01,24876.115605918447,-6.646853290494075,24869.468752627952,0.01
2022-02-02,24876.115605918447,1.4917374147375106,24877.607343333184,0.01
2022-02-03,24876.115605918447,-1.3270528473317478,24874.788553071114,0.01
2022-02-04,24876.115605918447,2.9606073258289483,24879.076213244276,0.01
2022-02-07,24876.115605918447,20.732530298730495,24896.848136217177,0.01
2022-02-08,24876.115605918447,28.365601872193583,24904.48120779064,0.01
2022-02-09,24876.115605918447,37.91334770556416,24914.028953624013,0.01
2022-02-10,24876.115605918447,29.093619299902404,24905.20922521835,0.01
2022-02-11,24876.115605918447,74.35387720174471,24950.469483120192,0.01
2022-02-14,24876.115605918447,91.91091279711337,24968.02651871556,0.01
2022-02-15,24876.115605918447,66.9877318624826,24943.10333778093,0.01
2022-02-16,24876.115605918447,89.08722270403237,24965.202828622478,0.01
2022-02-17,24876.115605918447,128.66351623831795,25004.779122156764,0.01
2022-02-18,24876.115605918447,127.42855542737206,25003.54416134582,0.01
2022-02-21,24876.115605918447,136.76378733824478,25012.87939325669,0.01
2022-02-22,24876.115605918447,129.01139881344193,25005.12700473189,0.01
2022-02-23,24876.115605918447,143.13099120833073,25019.246597126777,0.01
2022-02-24,24876.115605918447,135.85141108670433,25011.96701700515,0.01
2022-02-25,24876.115605918447,115.26584743572995,24991.381453354177,0.01
2022-02-28,24876.115605918447,143.40516811794927,25019.520774036395,0.01
2022-03-01,24876.115605918447,191.8006004758669,25067.916206394315,0.01
2022-03-02,24876.115605918447,169.3884474421684,25045.504053360615,0.01
2022-03-03,24876.115605918447,178.92475173239436,25055.04035765084,0.01
2022-03-04,24876.115605918447,224.116683411327,25100.232289329775,0.01
2022-03-07,24876.115605918447,260.2653893782747,25136.38099529672,0.01
2022-03-08,24876.115605918447,333.6843687561116,25209.79997467456,0.01
2022-03-09,24876.115605918447,256.09552640532655,25132.211132323773,0.01
2022-03-10,24876.115605918447,261.04657352872727,25137.162179447176,0.01
2022-03-11,24876.115605918447,244.2453829976198,25120.360988916065,0.01
2022-03-14,24876.115605918447,198.69860467474692,25074.814210593195,0.01
2022-03-15,24876.115605918447,155.74825048826517,25031.86385640671,0.01
2022-03-16,24876.115605918447,167.35932170588552,25043.47492762433,0.01
2022-03-17,24876.115605918447,187.6393329218004,25063.754938840248,0.01
2022-03-18,24876.115605918447,156.00336230252015,25032.118968220966,0.01
2022-03-21,24876.115605918447,175.68045169821772,25051.796057616666,0.01
2022-03-22,24876.115605918447,156.2850264165717,25032.40063233502,0.01
2022-03-23,24876.115605918447,185.3083259876345,25061.42393190608,0.01
2022-03-24,24876.115605918447,202.52554346201114,25078.64114938046,0.01
2022-03-25,24876.115605918447,201.63160408695927,25077.747210005407,0.01
2022-03-28,24876.115605918447,155.76187677549777,25031.877482693944,0.01
2022-03-29,24876.115605918447,151.82721315725715,25027.942819075703,0.01
2022-03-30,24876.115605918447,168.75960415658395,25044.87521007503,0.01
2022-03-31,24876.115605918447,174.8407795056576,25050.956385424106,0.01
2022-04-01,24876.115605918447,158.13556369128673,25034.251169609735,0.01
2022-04-04,24876.115605918447,169.38112392667196,25045.49672984512,0.01
2022-04-05,24876.115605918447,156.00259855413384,25032.11820447258,0.01
2022-04-06,24876.115605918447,157.65750776449693,25033.773113682942,0.01
2022-04-07,24876.115605918447,167.48584890517142,25043.60145482362,0.01
2022-04-08,24876.115605918447,187.88803177973958,25064.003637698188,0.01
2022-04-11,24876.115605918447,198.21664066567033,25074.332246584116,0.01
2022-04-12,24876.115605918447,216.70540327527752,25092.821009193725,0.01
2022-04-13,24876.115605918447,231.26512967106328,25107.38073558951,0.01
2022-04-14,24876.115605918447,224.87306775100603,25100.988673669453,0.01
2022-04-18,24876.115605918447,233.828109056494,25109.94371497494,0.01
2022-04-19,24876.115605918447,196.23909988364667,25072.354705802092,0.01
2022-04-20,24876.115605918447,205.753762621654,25081.8693685401,0.01
2022-04-21,24876.115605918447,195.1913344878326,25071.30694040628,0.01
2022-04-22,24876.115605918447,171.60834409379044,25047.723950012238,0.01
2022-04-25,24876.115605918447,127.08581035555949,25003.201416274005,0.01
2022-04-26,24876.115605918447,138.38466241572445,25014.50026833417,0.01
2022-04-27,24876.115605918447,112.49090465574267,24988.60651057419,0.01
2022-04-28,24876.115605918447,124.7222806157546,25000.837886534202,0.01
2022-04-29,24876.115605918447,127.86934649840107,25003.98495241685,0.01
2022-05-02,24876.115605918447,80.8441934222948,24956.95979934074,0.01
2022-05-03,24876.115605918447,88.50955802012298,24964.62516393857,0.01
2022-05-04,24876.115605918447,106.31071645666158,24982.426322375108,0.01
2022-05-05,24979.838854635876,0.0,24979.838854635876,0.0
2022-05-06,24979.838854635876,0.0,24979.838854635876,0.0
2022-05-09,24979.838854635876,0.0,24979.838854635876,0.0
2022-05-10,24979.838854635876,0.0,24979.838854635876,0.0
2022-05-11,24979.838854635876,0.0,24979.838854635876,0.0
2022-05-12,24979.838854635876,0.0,24979.838854635876,0.0
2022-05-13,24979.838854635876,0.0,24979.838854635876,0.0
2022-05-16,24979.838854635876,0.0,24979.838854635876,0.0
2022-05-17,24979.838854635876,0.0,24979.838854635876,0.0
2022-05-18,24979.838854635876,0.0,24979.838854635876,0.0
2022-05-19,24979.838854635876,0.0,24979.838854635876,0.0
2022-05-20,24979.838854635876,0.0,24979.838854635876,0.0
2022-05-23,24979.838854635876,0.0,24979.838854635876,0.0
2022-05-24,24979.838854635876,0.0,24979.838854635876,0.0
2022-05-25,24979.838854635876,0.0,24979.838854635876,0.0
2022-05-26,24979.838854635876,0.0,24979.838854635876,0.0
2022-05-27,24979.838854635876,0.0,24979.838854635876,0.0
2022-05-30,24979.838854635876,0.0,24979.838854635876,0.0
2022-05-31,24979.838854635876,0.0,24979.838854635876,0.0
2022-06-01,24979.838854635876,0.0,24979.838854635876,0.0
2022-06-02,24979.838854635876,0.0,24979.838854635876,0.0
2022-06-03,24979.838854635876,0.0,24979.838854635876,0.0
2022-06-06,24979.838854635876,0.0,24979.838854635876,0.0
2022-06-07,24979.838854635876,0.0,24979.838854635876,0.0
2022-06-08,24979.838854635876,0.0,24979.838854635876,0.0
2022-06-09,24979.838854635876,0.0,24979.838854635876,0.0
2022-06-10,24979.838854635876,0.0,24979.838854635876,0.0
2022-06-13,24979.838854635876,0.0,24979.838854635876,0.0
2022-06-14,24979.838854635876,0.0,24979.838854635876,0.0
2022-06-15,24979.838854635876,0.0,24979.838854635876,0.0
2022-06-16,24979.838854635876,0.0,24979.838854635876,0.0
2022-06-17,24979.838854635876,0.0,24979.838854635876,0.0
2022-06-20,24979.838854635876,0.0,24979.838854635876,0.0
2022-06-21,24979.838854635876,0.0,24979.838854635876,0.0
2022-06-22,24979.838854635876,0.0,24979.838854635876,0.0
2022-06-23,24979.838854635876,0.0,24979.838854635876,0.0
2022-06-24,24979.838854635876,0.0,24979.838854635876,0.0
2022-06-27,24979.838854635876,0.0,24979.838854635876,0.0
2022-06-28,24979.838854635876,0.0,24979.838854635876,0.0
2022-06-29,24979.838854635876,0.0,24979.838854635876,0.0
2022-06-30,24979.838854635876,0.0,24979.838854635876,0.0
2022-07-01,24979.838854635876,0.0,24979.838854635876,0.0
2022-07-04,24979.838854635876,0.0,24979.838854635876,0.0
2022-07-05,24979.838854635876,0.0,24979.838854635876,0.0
2022-07-06,24979.838854635876,0.0,24979.838854635876,0.0
2022-07-07,24979.838854635876,0.0,24979.838854635876,0.0
2022-07-08,24979.838854635876,0.0,24979.838854635876,0.0
2022-07-11,24979.838854635876,0.0,24979.838854635876,0.0
2022-07-12,24979.838854635876,0.0,24979.838854635876,0.0
2022-07-13,24979.838854635876,0.0,24979.838854635876,0.0
2022-07-14,24979.838854635876,0.0,24979.838854635876,0.0
2022-07-15,24979.838854635876,0.0,24979.838854635876,0.0
2022-07-18,24979.838854635876,0.0,24979.838854635876,0.0
2022-07-19,24979.838854635876,0.0,24979.838854635876,0.0
2022-07-20,24979.838854635876,0.0,24979.838854635876,0.0
2022-07-21,24979.838854635876,0.0,24979.838854635876,0.0
2022-07-22,24979.838854635876,0.0,24979.838854635876,0.0
2022-07-25,24979.838854635876,0.0,24979.838854635876,0.0
2022-07-26,24979.838854635876,0.0,24979.838854635876,0.0
2022-07-27,24979.838854635876,0.0,24979.838854635876,0.0
2022-07-28,24979.838854635876,0.0,24979.838854635876,0.0
2022-07-29,24979.838854635876,0.0,24979.838854635876,0.0
2022-08-01,24979.838854635876,0.0,24979.838854635876,0.0
2022-08-02,24979.838854635876,0.0,24979.838854635876,0.0
2022-08-03,24979.838854635876,0.0,24979.838854635876,0.0
2022-08-04,24979.838854635876,0.0,24979.838854635876,0.0
2022-08-05,24979.838854635876,0.0,24979.838854635876,0.0
2022-08-08,24979.838854635876,0.0,24979.838854635876,0.0
2022-08-09,24979.838854635876,0.0,24979.838854635876,0.0
2022-08-10,24979.838854635876,0.0,24979.838854635876,0.0
2022-08-11,24979.838854635876,0.0,24979.838854635876,0.0
2022-08-12,24979.838854635876,0.0,24979.838854635876,0.0
2022-08-15,24979.838854635876,0.0,24979.838854635876,0.0
2022-08-16,24979.838854635876,0.0,24979.838854635876,0.0
2022-08-17,24979.838854635876,0.0,24979.838854635876,0.0
2022-08-18,24979.838854635876,0.0,24979.838854635876,0.0
2022-08-19,24979.838854635876,0.0,24979.838854635876,0.0
2022-08-22,24979.838854635876,0.0,24979.838854635876,0.0
2022-08-23,24979.838854635876,0.0,24979.838854635876,0.0
2022-08-24,24979.838854635876,0.0,24979.838854635876,0.0
2022-08-25,24979.838854635876,0.0,24979.838854635876,0.0
2022-08-26,24979.838854635876,0.0,24979.838854635876,0.0
2022-08-29,24979.838854635876,0.0,24979.838854635876,0.0
2022-08-30,24979.838854635876,0.0,24979.838854635876,0.0
2022-08-31,24979.838854635876,0.0,24979.838854635876,0.0
2022-09-01,24979.838854635876,0.0,24979.838854635876,0.0
2022-09-02,24979.838854635876,0.0,24979.838854635876,0.0
2022-09-05,24979.838854635876,0.0,24979.838854635876,0.0
2022-09-06,24979.838854635876,0.0,24979.838854635876,0.0
2022-09-07,24979.838854635876,0.0,24979.838854635876,0.0
2022-09-08,24979.838854635876,0.0,24979.838854635876,0.0
2022-09-09,24979.838854635876,0.0,24979.838854635876,0.0
2022-09-12,24979.838854635876,0.0,24979.838854635876,0.0
2022-09-13,24979.838854635876,0.0,24979.838854635876,0.0
2022-09-14,24979.838854635876,0.0,24979.838854635876,0.0
2022-09-15,24979.838854635876,0.0,24979.838854635876,0.0
2022-09-16,24979.838854635876,0.0,24979.838854635876,0.0
2022-09-19,24979.838854635876,0.0,24979.838854635876,0.0
2022-09-20,24979.838854635876,0.0,24979.838854635876,0.0
2022-09-21,24979.838854635876,0.0,24979.838854635876,0.0
2022-09-22,24979.838854635876,0.0,24979.838854635876,0.0
2022-09-23,24979.838854635876,0.0,24979.838854635876,0.0
2022-09-26,24979.838854635876,0.0,24979.838854635876,0.0
2022-09-27,24979.838854635876,0.0,24979.838854635876,0.0
2022-09-28,24979.838854635876,0.0,24979.838854635876,0.0
2022-09-29,24979.838854635876,0.0,24979.838854635876,0.0
2022-09-30,24979.838854635876,0.0,24979.838854635876,0.0
2022-10-03,24979.838854635876,0.0,24979.838854635876,0.0
2022-10-04,24979.838854635876,0.0,24979.838854635876,0.0
2022-10-05,24979.838854635876,0.0,24979.838854635876,0.0
2022-10-06,24979.838854635876,0.0,24979.838854635876,0.0
2022-10-07,24979.838854635876,0.0,24979.838854635876,0.0
2022-10-10,24979.838854635876,0.0,24979.838854635876,0.0
2022-10-11,24979.838854635876,0.0,24979.838854635876,0.0
2022-10-12,24979.838854635876,0.0,24979.838854635876,0.0
2022-10-13,24979.838854635876,0.0,24979.838854635876,0.0
2022-10-14,24979.838854635876,0.0,24979.838854635876,0.0
2022-10-17,24979.838854635876,0.0,24979.838854635876,0.0
2022-10-18,24979.838854635876,0.0,24979.838854635876,0.0
2022-10-19,24979.838854635876,0.0,24979.838854635876,0.0
2022-10-20,24979.838854635876,0.0,24979.838854635876,0.0
2022-10-21,24979.838854635876,0.0,24979.838854635876,0.0
2022-10-24,24979.838854635876,0.0,24979.838854635876,0.0
2022-10-25,24979.838854635876,0.0,24979.838854635876,0.0
2022-10-26,24979.838854635876,0.0,24979.838854635876,0.0
2022-10-27,24979.838854635876,0.0,24979.838854635876,0.0
2022-10-28,24979.838854635876,0.0,24979.838854635876,0.0
2022-10-31,24979.838854635876,0.0,24979.838854635876,0.0
2022-11-01,24979.838854635876,0.0,24979.838854635876,0.0
2022-11-02,24979.838854635876,0.0,24979.838854635876,0.0
2022-11-03,24979.838854635876,0.0,24979.838854635876,0.0
2022-11-04,24979.838854635876,0.0,24979.838854635876,0.0
2022-11-07,24979.838854635876,0.0,24979.838854635876,0.0
2022-11-08,24979.838854635876,0.0,24979.838854635876,0.0
2022-11-09,24979.838854635876,0.0,24979.838854635876,0.0
2022-11-10,24979.838854635876,0.0,24979.838854635876,0.0
2022-11-11,24979.838854635876,0.0,24979.838854635876,0.0
2022-11-14,24979.838854635876,0.0,24979.838854635876,0.0
2022-11-15,24979.838854635876,10.736170910329541,24990.575025546204,0.01
2022-11-16,24979.838854635876,3.347908341285024,24983.186762977162,0.01
2022-11-17,24979.838854635876,-16.80104067878466,24963.037813957093,0.01
2022-11-18,24979.838854635876,-31.77033677209597,24948.06851786378,0.01
2022-11-21,24979.838854635876,-50.597315600052426,24929.241539035826,0.01
2022-11-22,24979.838854635876,-47.73786324370934,24932.100991392166,0.01
2022-11-23,24979.838854635876,-33.19565521700442,24946.64319941887,0.01
2022-11-24,24979.838854635876,-24.17559634121917,24955.66325829466,0.01
2022-11-25,24979.838854635876,-25.038112949906147,24954.80074168597,0.01
2022-11-28,24979.838854635876,-44.64580595630746,24935.193048679568,0.01
2022-11-29,24979.838854635876,-32.76663261101612,24947.07222202486,0.01
2022-11-30,24979.838854635876,-4.4407952562597455,24975.398059379615,0.01
2022-12-01,24979.838854635876,46.17653648608469,25026.01539112196,0.01
2022-12-02,24979.838854635876,39.87085460067702,25019.709709236555,0.01
2022-12-05,24979.838854635876,-4.165402722474495,24975.6734519134,0.01
2022-12-06,24979.838854635876,-0.7426181387312255,24979.096236497146,0.01
2022-12-07,24979.838854635876,21.796130243269378,25001.634984879147,0.01
2022-12-08,24979.838854635876,25.93656337849949,25005.775418014375,0.01
2022-12-09,24979.838854635876,37.70216851755225,25017.54102315343,0.01
2022-12-12,24979.838854635876,14.49491404983953,24994.333768685716,0.01
2022-12-13,24979.838854635876,57.81768503587552,25037.656539671752,0.01
2022-12-14,24979.838854635876,52.24896118869738,25032.087815824572,0.01
2022-12-15,24979.838854635876,7.629973137095036,24987.468827772973,0.01
2022-12-16,24979.838854635876,32.02506074357118,25011.863915379447,0.01
2022-12-19,24979.838854635876,24.11862295315417,25003.957477589032,0.01
2022-12-20,24979.838854635876,68.952749418393,25048.79160405427,0.01
2022-12-21,24979.838854635876,63.84145710689543,25043.680311742773,0.01
2022-12-22,24979.838854635876,31.203368994149447,25011.042223630026,0.01
2022-12-23,24979.838854635876,40.0151212158742,25019.85397585175,0.01
2022-12-27,24979.838854635876,62.50648228882922,25042.345336924707,0.01
2022-12-28,24979.838854635876,48.674743315094574,25028.513597950972,0.01
2022-12-29,24979.838854635876,64.33264524538036,25044.171499881257,0.01
2022-12-30,24979.838854635876,78.06448621111282,25057.903340846988,0.01
2023-01-03,24979.838854635876,100.01690139673697,25079.85575603261,0.01
2023-01-04,24979.838854635876,123.57297466771249,25103.41182930359,0.01
2023-01-05,24979.838854635876,89.9629553977891,25069.801810033667,0.01
2023-01-06,24979.838854635876,140.69394604941053,25120.532800685287,0.01
2023-01-09,24979.838854635876,145.7345206952103,25125.573375331085,0.01
2023-01-10,24979.838854635876,152.58595764280744,25132.424812278685,0.01
2023-01-11,24979.838854635876,151.09827892990728,25130.937133565785,0.01
2023-01-12,24979.838854635876,181.51228211852893,25161.351136754405,0.01
2023-01-13,24979.838854635876,214.19900467909014,25194.037859314965,0.01
2023-01-16,24979.838854635876,206.42972527857287,25186.26857991445,0.01
2023-01-17,24979.838854635876,197.01553401868892,25176.854388654567,0.01
2023-01-18,24979.838854635876,189.93257824102375,25169.7714328769,0.01
2023-01-19,24979.838854635876,231.37996626426929,25211.218820900147,0.01
2023-01-20,24979.838854635876,224.68709104819067,25204.52594568407,0.01
2023-01-23,24979.838854635876,228.5983463528051,25208.437200988683,0.01
2023-01-24,24979.838854635876,235.81822744573026,25215.657082081605,0.01
2023-01-25,24979.838854635876,247.9020886266214,25227.7409432625,0.01
2023-01-26,24979.838854635876,221.80964732590547,25201.648501961783,0.01
2023-01-27,24979.838854635876,220.84643054877824,25200.685285184656,0.01
2023-01-30,24979.838854635876,213.56592208711626,25193.404776722993,0.01
2023-01-31,24979.838854635876,222.01468967476103,25201.853544310638,0.01
2023-02-01,24979.838854635876,253.17382475808822,25233.012679393963,0.01
2023-02-02,24979.838854635876,197.87224197694465,25177.71109661282,0.01
2023-02-03,24979.838854635876,133.28877244932278,25113.1276270852,0.01
2023-02-06,24979.838854635876,139.0250889360833,25118.86394357196,0.01
2023-02-07,24979.838854635876,148.46221776732006,25128.301072403196,0.01
2023-02-08,24979.838854635876,149.26758523437508,25129.10643987025,0.01
2023-02-09,24979.838854635876,130.1576854435333,25109.99654007941,0.01
2023-02-10,24979.838854635876,135.228739279833,25115.067593915708,0.01
2023-02-13,24979.838854635876,118.56088820783978,25098.399742843718,0.01
2023-02-14,24979.838854635876,119.05392091741146,25098.89277555329,0.01
2023-02-15,24979.838854635876,92.12426343223999,25071.963118068117,0.01
2023-02-16,24979.838854635876,93.99531124591803,25073.834165881795,0.01
2023-02-17,24979.838854635876,102.65314929353981,25082.492003929416,0.01
2023-02-20,24979.838854635876,101.49801809868168,25081.33687273456,0.01
2023-02-21,24979.838854635876,91.79040440327297,25071.62925903915,0.01
2023-02-22,24979.838854635876,78.29060961192906,25058.129464247806,0.01
2023-02-23,24979.838854635876,74.59870502683513,25054.43755966271,0.01
2023-02-24,24979.838854635876,58.29829432032245,25038.1371489562,0.01
2023-02-27,24979.838854635876,67.94724371043625,25047.786098346314,0.01
2023-02-28,24979.838854635876,81.97357688920785,25061.812431525086,0.01
2023-03-01,24979.838854635876,96.64852140675927,25076.487376042634,0.01
2023-03-02,24979.838854635876,94.90553183816934,25074.744386474045,0.01
2023-03-03,24979.838854635876,123.65113403382445,25103.489988669702,0.01
2023-03-06,24979.838854635876,111.19372850496877,25091.032583140845,0.01
2023-03-07,24979.838854635876,61.66035038036769,25041.499205016244,0.01
2023-03-08,25043.067495165174,0.0,25043.067495165174,0.0
2023-03-09,25043.067495165174,0.0,25043.067495165174,0.0
2023-03-10,25043.067495165174,0.0,25043.067495165174,0.0
2023-03-13,25043.067495165174,0.0,25043.067495165174,0.0
2023-03-14,25043.067495165174,-15.166302109378206,25027.901193055797,0.01
2023-03-15,25043.067495165174,6.198077545725541,25049.2655727109,0.01
2023-03-16,25043.067495165174,8.10589056457025,25051.173385729744,0.01
2023-03-17,25043.067495165174,108.41874639831205,25151.486241563485,0.01
2023-03-20,25043.067495165174,96.30645808100077,25139.373953246177,0.01
2023-03-21,25043.067495165174,39.55923245935195,25082.626727624527,0.01
2023-03-22,25043.067495165174,83.46814649230527,25126.53564165748,0.01
2023-03-23,25043.067495165174,119.37150202886698,25162.43899719404,0.01
2023-03-24,25043.067495165174,95.01352998530776,25138.08102515048,0.01
2023-03-27,25043.067495165174,63.86553621992145,25106.933031385095,0.01
2023-03-28,25043.067495165174,89.61667418622964,25132.684169351403,0.01
2023-03-29,25043.067495165174,75.18976060421252,25118.257255769386,0.01
2023-03-30,25043.067495165174,99.08687535121878,25142.154370516393,0.01
2023-03-31,25043.067495165174,82.40699305110765,25125.47448821628,0.01
2023-04-03,25043.067495165174,105.40450481360999,25148.471999978785,0.01
2023-04-04,25043.067495165174,157.11594837440535,25200.18344353958,0.01
2023-04-05,25043.067495165174,158.10709687190524,25201.17459203708,0.01
2023-04-06,25043.067495165174,138.54368087894318,25181.611176044116,0.01
2023-04-10,25043.067495165174,115.91639217819369,25158.98388734337,0.01
2023-04-11,25043.067495165174,134.9026409041216,25177.970136069296,0.01
2023-04-12,25043.067495165174,151.64564618178832,25194.71314134696,0.01
2023-04-13,25043.067495165174,188.27807444712673,25231.345569612302,0.01
2023-04-14,25043.067495165174,133.58506511274197,25176.652560277915,0.01
2023-04-17,25043.067495165174,120.9736719361171,25164.04116710129,0.01
2023-04-18,25043.067495165174,136.19926837656365,25179.26676354174,0.01
2023-04-19,25043.067495165174,119.91549308931195,25162.982988254487,0.01
2023-04-20,25043.067495165174,135.14953555349638,25178.21703071867,0.01
2023-04-21,25043.067495165174,101.94415554134234,25145.011650706518,0.01
2023-04-24,25043.067495165174,112.07497933307386,25155.142474498247,0.01
2023-04-25,25043.067495165174,124.07300844969589,25167.14050361487,0.01
2023-04-26,25043.067495165174,113.6724757295502,25156.739970894723,0.01
2023-04-27,25043.067495165174,111.7718092372048,25154.83930440238,0.01
2023-04-28,25043.067495165174,114.20061817711341,25157.26811334229,0.01
2023-05-01,25043.067495165174,103.6356000211337,25146.70309518631,0.01
2023-05-02,25043.067495165174,154.8535663980519,25197.921061563226,0.01
2023-05-03,25043.067495165174,186.7516391750935,25229.81913434027,0.01
2023-05-04,25043.067495165174,204.02126939768698,25247.08876456286,0.01
2023-05-05,25043.067495165174,152.20816721851241,25195.275662383687,0.01
2023-05-08,25043.067495165174,159.08259209773757,25202.15008726291,0.01
2023-05-09,25043.067495165174,177.63171430716696,25220.699209472343,0.01
2023-05-10,25043.067495165174,171.8823498364962,25214.94984500167,0.01
2023-05-11,25043.067495165174,149.07291217715814,25192.140407342333,0.01
2023-05-12,25043.067495165174,144.5231588413957,25187.59065400657,0.01
2023-05-15,25043.067495165174,154.01854838200904,25197.086043547184,0.01
2023-05-16,25043.067495165174,111.7375495103196,25154.805044675493,0.01
2023-05-17,25043.067495165174,101.45540949186167,25144.522904657035,0.01
2023-05-18,25043.067495165174,65.18751169657679,25108.255006861753,0.01
2023-05-19,25043.067495165174,95.96271130874582,25139.03020647392,0.01
2023-05-22,25043.067495165174,86.82355634351806,25129.891051508694,0.01
2023-05-23,25043.067495165174,91.63345514779236,25134.700950312967,0.01
2023-05-24,25043.067495165174,65.35270129791395,25108.42019646309,0.01
2023-05-25,25043.067495165174,40.823084051597306,25083.89057921677,0.01
2023-05-26,25043.067495165174,49.98501355031888,25093.052508715493,0.01
2023-05-29,25043.067495165174,44.445594150713916,25087.51308931589,0.01
2023-05-30,25043.067495165174,69.24462306276266,25112.312118227936,0.01
2023-05-31,25043.067495165174,74.50662134335887,25117.574116508535,0.01
2023-06-01,25043.067495165174,97.60639473671966,25140.673889901893,0.01
2023-06-02,25043.067495165174,52.1393237954238,25095.2068189606,0.01
2023-06-05,25043.067495165174,72.40583853398726,25115.473333699163,0.01
2023-06-06,25043.067495165174,74.47484497132122,25117.542340136497,0.01
2023-06-07,25043.067495165174,38.84219079507641,25081.90968596025,0.01
2023-06-08,25043.067495165174,77.49766979193912,25120.565164957112,0.01
2023-06-09,25043.067495165174,69.20243383932934,25112.269929004502,0.01
2023-06-12,25110.35843699605,0.0,25110.35843699605,0.0
2023-06-13,25110.35843699605,0.0,25110.35843699605,0.0
2023-06-14,25110.35843699605,0.0,25110.35843699605,0.0
2023-06-15,25110.35843699605,0.0,25110.35843699605,0.0
2023-06-16,25110.35843699605,0.0,25110.35843699605,0.0
2023-06-19,25110.35843699605,0.0,25110.35843699605,0.0
2023-06-20,25110.35843699605,0.0,25110.35843699605,0.0
2023-06-21,25110.35843699605,0.0,25110.35843699605,0.0
2023-06-22,25110.35843699605,0.0,25110.35843699605,0.0
2023-06-23,25110.35843699605,0.0,25110.35843699605,0.0
2023-06-26,25110.35843699605,0.0,25110.35843699605,0.0
2023-06-27,25110.35843699605,0.0,25110.35843699605,0.0
2023-06-28,25110.35843699605,0.0,25110.35843699605,0.0
2023-06-29,25110.35843699605,0.0,25110.35843699605,0.0
2023-06-30,25110.35843699605,0.0,25110.35843699605,0.0
2023-07-03,25110.35843699605,0.0,25110.35843699605,0.0
2023-07-04,25110.35843699605,0.0,25110.35843699605,0.0
2023-07-05,25110.35843699605,0.0,25110.35843699605,0.0
2023-07-06,25110.35843699605,0.0,25110.35843699605,0.0
2023-07-07,25110.35843699605,0.0,25110.35843699605,0.0
2023-07-10,25110.35843699605,0.0,25110.35843699605,0.0
2023-07-11,25110.35843699605,0.0,25110.35843699605,0.0
2023-07-12,25110.35843699605,0.0,25110.35843699605,0.0
2023-07-13,25110.35843699605,0.0,25110.35843699605,0.0
2023-07-14,25110.35843699605,0.0,25110.35843699605,0.0
2023-07-17,25110.35843699605,0.0,25110.35843699605,0.0
2023-07-18,25110.35843699605,0.0,25110.35843699605,0.0
2023-07-19,25110.35843699605,0.0,25110.35843699605,0.0
2023-07-20,25110.35843699605,0.0,25110.35843699605,0.0
2023-07-21,25110.35843699605,0.0,25110.35843699605,0.0
2023-07-24,25110.35843699605,0.0,25110.35843699605,0.0
2023-07-25,25110.35843699605,0.0,25110.35843699605,0.0
2023-07-26,25110.35843699605,9.713485490961927,25120.071922487015,0.01
2023-07-27,25110.35843699605,-29.595577649201836,25080.76285934685,0.01
2023-07-28,25110.35843699605,-9.608830445195528,25100.749606550857,0.01
2023-07-31,25110.35843699605,-0.09750320505516968,25110.260933790996,0.01
2023-08-01,25110.35843699605,-31.89833361552208,25078.46010338053,0.01
2023-08-02,25110.35843699605,-46.44763155254401,25063.91080544351,0.01
2023-08-03,25110.35843699605,-48.10874017961743,25062.249696816434,0.01
2023-08-04,25061.815104078803,0.0,25061.815104078803,0.0
2023-08-07,25061.815104078803,0.0,25061.815104078803,0.0
2023-08-08,25061.815104078803,0.0,25061.815104078803,0.0
2023-08-09,25061.815104078803,0.0,25061.815104078803,0.0
2023-08-10,25061.815104078803,0.0,25061.815104078803,0.0
2023-08-11,25061.815104078803,0.0,25061.815104078803,0.0
2023-08-14,25061.815104078803,0.0,25061.815104078803,0.0
2023-08-15,25061.815104078803,0.0,25061.815104078803,0.0
2023-08-16,25061.815104078803,0.0,25061.815104078803,0.0
2023-08-17,25061.815104078803,0.0,25061.815104078803,0.0
2023-08-18,25061.815104078803,0.0,25061.815104078803,0.0
2023-08-21,25061.815104078803,0.0,25061.815104078803,0.0
2023-08-22,25061.815104078803,0.0,25061.815104078803,0.0
2023-08-23,25061.815104078803,0.0,25061.815104078803,0.0
2023-08-24,25061.815104078803,0.0,25061.815104078803,0.0
2023-08-25,25061.815104078803,0.0,25061.815104078803,0.0
2023-08-28,25061.815104078803,0.0,25061.815104078803,0.0
2023-08-29,25061.815104078803,0.0,25061.815104078803,0.0
2023-08-30,25061.815104078803,0.0,25061.815104078803,0.0
2023-08-31,25061.815104078803,0.0,25061.815104078803,0.0
2023-09-01,25061.815104078803,0.0,25061.815104078803,0.0
2023-09-04,25061.815104078803,0.0,25061.815104078803,0.0
2023-09-05,25061.815104078803,0.0,25061.815104078803,0.0
2023-09-06,25061.815104078803,0.0,25061.815104078803,0.0
2023-09-07,25061.815104078803,0.0,25061.815104078803,0.0
2023-09-08,25061.815104078803,0.0,25061.815104078803,0.0
2023-09-11,25061.815104078803,0.0,25061.815104078803,0.0
2023-09-12,25061.815104078803,0.0,25061.815104078803,0.0
2023-09-13,25061.815104078803,0.0,25061.815104078803,0.0
2023-09-14,25061.815104078803,0.0,25061.815104078803,0.0
2023-09-15,25061.815104078803,0.0,25061.815104078803,0.0
2023-09-18,25061.815104078803,0.0,25061.815104078803,0.0
2023-09-19,25061.815104078803,0.0,25061.815104078803,0.0
2023-09-20,25061.815104078803,0.0,25061.815104078803,0.0
2023-09-21,25061.815104078803,0.0,25061.815104078803,0.0
2023-09-22,25061.815104078803,0.0,25061.815104078803,0.0
2023-09-25,25061.815104078803,0.0,25061.815104078803,0.0
2023-09-26,25061.815104078803,0.0,25061.815104078803,0.0
2023-09-27,25061.815104078803,0.0,25061.815104078803,0.0
2023-09-28,25061.815104078803,0.0,25061.815104078803,0.0
2023-09-29,25061.815104078803,0.0,25061.815104078803,0.0
2023-10-02,25061.815104078803,0.0,25061.815104078803,0.0
2023-10-03,25061.815104078803,0.0,25061.815104078803,0.0
2023-10-04,25061.815104078803,0.0,25061.815104078803,0.0
2023-10-05,25061.815104078803,0.0,25061.815104078803,0.0
2023-10-06,25061.815104078803,0.0,25061.815104078803,0.0
2023-10-09,25061.815104078803,0.0,25061.815104078803,0.0
2023-10-10,25061.815104078803,0.0,25061.815104078803,0.0
2023-10-11,25061.815104078803,0.0,25061.815104078803,0.0
2023-10-12,25061.815104078803,0.0,25061.815104078803,0.0
2023-10-13,25061.815104078803,0.0,25061.815104078803,0.0
2023-10-16,25061.815104078803,0.0,25061.815104078803,0.0
2023-10-17,25061.815104078803,0.0,25061.815104078803,0.0
2023-10-18,25061.815104078803,0.0,25061.815104078803,0.0
2023-10-19,25061.815104078803,0.0,25061.815104078803,0.0
2023-10-20,25061.815104078803,0.0,25061.815104078803,0.0
2023-10-23,25061.815104078803,0.0,25061.815104078803,0.0
2023-10-24,25061.815104078803,-4.684956768429382,25057.130147310374,0.01
2023-10-25,25061.815104078803,8.701922667638986,25070.517026746442,0.01
2023-10-26,25061.815104078803,17.34578956797109,25079.160893646775,0.01
2023-10-27,25061.815104078803,50.24421353447771,25112.059317613282,0.01
2023-10-30,25061.815104078803,34.985525608200014,25096.800629687004,0.01
2023-10-31,25061.815104078803,15.716941102836415,25077.53204518164,0.01
2023-11-01,25061.815104078803,13.795712235349901,25075.610816314154,0.01
2023-11-02,25061.815104078803,18.56842349803027,25080.383527576832,0.01
2023-11-03,25061.815104078803,28.678816785857187,25090.49392086466,0.01
2023-11-06,25061.815104078803,5.920095215944199,25067.735199294748,0.01
2023-11-07,25061.815104078803,-7.456309395952408,25054.358794682852,0.01
2023-11-08,25061.815104078803,-36.93188547859665,25024.883218600207,0.01
2023-11-09,25061.815104078803,-24.166324823564306,25037.64877925524,0.01
2023-11-10,25061.815104078803,-56.800840427264404,25005.014263651537,0.01
2023-11-13,25061.815104078803,-43.70036147181936,25018.114742606984,0.01
2023-11-14,25061.815104078803,-17.08394448398919,25044.731159594816,0.01
2023-11-15,25061.815104078803,-22.613961747000364,25039.201142331804,0.01
2023-11-16,25061.815104078803,11.204058427863044,25073.019162506665,0.01
2023-11-17,25061.815104078803,9.983894965364792,25071.798999044167,0.01
2023-11-20,25061.815104078803,5.700777450631746,25067.515881529434,0.01
2023-11-21,25061.815104078803,37.17410026938972,25098.989204348192,0.01
2023-11-22,25061.815104078803,24.266167870232433,25086.081271949035,0.01
2023-11-23,25061.815104078803,28.179517702515916,25089.99462178132,0.01
2023-11-24,25061.815104078803,43.0321996030691,25104.847303681872,0.01
2023-11-27,25061.815104078803,61.135406786033045,25122.950510864837,0.01
2023-11-28,25061.815104078803,101.8497306431694,25163.664834721974,0.01
2023-11-29,25061.815104078803,105.69202795884448,25167.50713203765,0.01
2023-11-30,25061.815104078803,93.81536123505407,25155.630465313858,0.01
2023-12-01,25061.815104078803,147.59965052481874,25209.414754603622,0.01
2023-12-04,25061.815104078803,82.60939156935127,25144.424495648156,0.01
2023-12-05,25061.815104078803,68.51654277423857,25130.331646853043,0.01
2023-12-06,25061.815104078803,78.41492124179264,25140.230025320598,0.01
2023-12-07,25061.815104078803,83.33161870857528,25145.14672278738,0.01
2023-12-08,25061.815104078803,45.57719447655267,25107.392298555355,0.01
2023-12-11,25061.815104078803,11.902690787972617,25073.717794866778,0.01
2023-12-12,25061.815104078803,8.30344413526594,25070.118548214068,0.01
2023-12-13,25061.815104078803,81.35684331958562,25143.17194739839,0.01
2023-12-14,25061.815104078803,93.76239544519571,25155.577499524,0.01
2023-12-15,25061.815104078803,66.49741868276848,25128.31252276157,0.01
2023-12-18,25061.815104078803,79.49321718777585,25141.30832126658,0.01
2023-12-19,25061.815104078803,98.79198630829858,25160.6070903871,0.01
2023-12-20,25061.815104078803,84.84881853952413,25146.66392261833,0.01
2023-12-21,25061.815104078803,106.64316900366019,25168.458273082462,0.01
2023-12-22,25061.815104078803,115.72274273058022,25177.537846809384,0.01
2023-12-26,25061.815104078803,137.99190470707967,25199.807008785883,0.01
2023-12-27,25061.815104078803,151.91151139201708,25213.72661547082,0.01
2023-12-28,25061.815104078803,133.57396222598186,25195.389066304786,0.01
2023-12-29,25061.815104078803,130.25270265583174,25192.067806734634,0.01
2024-01-02,25061.815104078803,124.95059821287792,25186.765702291683,0.01
2024-01-03,25061.815104078803,99.75369137843657,25161.56879545724,0.01
2024-01-04,25061.815104078803,103.13466258052163,25164.949766659323,0.01
2024-01-05,25061.815104078803,106.04322366301412,25167.85832774182,0.01
2024-01-08,25061.815104078803,80.51986822739349,25142.3349723062,0.01
2024-01-09,25061.815104078803,83.77207339916146,25145.587177477966,0.01
2024-01-10,25061.815104078803,75.39585804377718,25137.21096212258,0.01
2024-01-11,25061.815104078803,81.65085716115495,25143.46596123996,0.01
2024-01-12,25061.815104078803,111.84593561191075,25173.661039690713,0.01
2024-01-15,25061.815104078803,120.61537343857123,25182.430477517373,0.01
2024-01-16,25061.815104078803,81.59089524505883,25143.405999323862,0.01
2024-01-17,25061.815104078803,48.96959784950615,25110.78470192831,0.01
2024-01-18,25061.815104078803,74.9807319936571,25136.79583607246,0.01
2024-01-19,25061.815104078803,84.29508959258325,25146.110193671386,0.01
2024-01-22,25061.815104078803,72.39245639547032,25134.207560474275,0.01
2024-01-23,25061.815104078803,84.1677483917246,25145.982852470526,0.01
2024-01-24,25061.815104078803,60.235184306095675,25122.0502883849,0.01
2024-01-25,25061.815104078803,71.26988858693979,25133.084992665743,0.01
2024-01-26,25061.815104078803,67.5333360824965,25129.3484401613,0.01
2024-01-29,25061.815104078803,89.53911960637889,25151.354223685183,0.01
2024-01-30,25061.815104078803,95.20560442843824,25157.020708507243,0.01
2024-01-31,25061.815104078803,98.77350311869961,25160.588607197504,0.01
2024-02-01,25061.815104078803,123.32253304848201,25185.137637127285,0.01
2024-02-02,25061.815104078803,99.8072652800461,25161.62236935885,0.01
2024-02-05,25061.815104078803,78.46632529335304,25140.281429372157,0.01
2024-02-06,25061.815104078803,95.48113887443446,25157.296242953238,0.01
2024-02-07,25061.815104078803,93.74732047169188,25155.562424550495,0.01
2024-02-08,25061.815104078803,92.55522224662116,25154.370326325425,0.01
2024-02-09,25061.815104078803,77.06379786507233,25138.878901943877,0.01
2024-02-12,25061.815104078803,70.594499813868,25132.409603892673,0.01
2024-02-13,25061.815104078803,29.15569076014511,25090.970794838948,0.01
2024-02-14,25061.815104078803,28.2123857781983,25090.027489857002,0.01
2024-02-15,25061.815104078803,46.850883738787886,25108.665987817592,0.01
2024-02-16,25061.815104078803,60.571016956358406,25122.38612103516,0.01
2024-02-19,25061.815104078803,67.14776815933065,25128.962872238135,0.01
2024-02-20,25061.815104078803,76.84398657398845,25138.659090652793,0.01
2024-02-21,25061.815104078803,79.40766891236943,25141.222772991172,0.01
2024-02-22,25061.815104078803,76.96863494516398,25138.783739023966,0.01
2024-02-23,25061.815104078803,94.16046895241723,25155.97557303122,0.01
2024-02-26,25061.815104078803,87.0222077143276,25148.83731179313,0.01
2024-02-27,25061.815104078803,86.10930848633163,25147.924412565135,0.01
2024-02-28,25061.815104078803,92.46283409278885,25154.27793817159,0.01
2024-02-29,25061.815104078803,107.94713148860764,25169.76223556741,0.01
2024-03-01,25061.815104078803,168.46465295191922,25230.279757030723,0.01
2024-03-04,25061.815104078803,215.16482034317607,25276.97992442198,0.01
2024-03-05,25061.815104078803,236.41323881346574,25298.228342892267,0.01
2024-03-06,25061.815104078803,267.89304225485563,25329.708146333658,0.01
2024-03-07,25061.815104078803,283.4279007799119,25345.243004858716,0.01
2024-03-08,25061.815104078803,309.3754755368083,25371.190579615613,0.01
2024-03-11,25061.815104078803,315.2385064673055,25377.05361054611,0.01
2024-03-12,25061.815104078803,278.8059130003856,25340.62101707919,0.01
2024-03-13,25061.815104078803,303.19019217003927,25365.005296248844,0.01
2024-03-14,25061.815104078803,284.21038051060924,25346.025484589412,0.01
2024-03-15,25061.815104078803,276.82254003112814,25338.63764410993,0.01
2024-03-18,25061.815104078803,284.074123928837,25345.88922800764,0.01
2024-03-19,25061.815104078803,279.9764827368977,25341.7915868157,0.01
2024-03-20,25061.815104078803,324.94507547300657,25386.76017955181,0.01
2024-03-21,25061.815104078803,315.0060446587703,25376.821148737574,0.01
2024-03-22,25061.815104078803,291.5482619618325,25353.363366040638,0.01
2024-03-25,25061.815104078803,303.42275484951773,25365.23785892832,0.01
2024-03-26,25061.815104078803,313.026834187709,25374.841938266512,0.01
2024-03-27,25061.815104078803,337.98413597612563,25399.79924005493,0.01
2024-03-28,25061.815104078803,396.3091224468098,25458.12422652561,0.01
2024-04-01,25061.815104078803,425.3591072345122,25487.174211313315,0.01
2024-04-02,25061.815104078803,472.24274950103165,25534.057853579834,0.01
2024-04-03,25061.815104078803,499.57255943741507,25561.38766351622,0.01
2024-04-04,25061.815104078803,482.9414912505293,25544.756595329334,0.01
2024-04-05,25061.815104078803,537.8108380678667,25599.62594214667,0.01
2024-04-08,25061.815104078803,555.207670872036,25617.02277495084,0.01
2024-04-09,25061.815104078803,572.8935063373797,25634.708610416183,0.01
2024-04-10,25061.815104078803,542.5332767111086,25604.34838078991,0.01
2024-04-11,25061.815104078803,611.841795368066,25673.65689944687,0.01
2024-04-12,25061.815104078803,567.2827333614076,25629.09783744021,0.01
2024-04-15,25061.815104078803,632.8894379204654,25694.70454199927,0.01
2024-04-16,25061.815104078803,634.3953812316555,25696.210485310457,0.01
2024-04-17,25061.815104078803,604.9898077184984,25666.804911797302,0.01
2024-04-18,25061.815104078803,628.9762518937202,25690.791355972524,0.01
2024-04-19,25061.815104078803,648.6891018094211,25710.504205888225,0.01
2024-04-22,25061.815104078803,550.4346927654663,25612.24979684427,0.01
2024-04-23,25061.815104078803,539.8520392353852,25601.66714331419,0.01
2024-04-24,25061.815104078803,527.1616270172094,25588.976731096012,0.01
2024-04-25,25061.815104078803,551.7368733548084,25613.551977433614,0.01
2024-04-26,25061.815104078803,557.5365903380809,25619.351694416884,0.01
2024-04-29,25061.815104078803,553.627961013377,25615.44306509218,0.01
2024-04-30,25061.815104078803,475.41293218551124,25537.228036264314,0.01
2024-05-01,25061.815104078803,533.3220755566473,25595.13717963545,0.01
2024-05-02,25061.815104078803,505.15959405883194,25566.974698137634,0.01
2024-05-03,25061.815104078803,499.53750574065833,25561.352609819463,0.01
2024-05-06,25061.815104078803,529.6025683167143,25591.417672395517,0.01
2024-05-07,25061.815104078803,513.2952536251408,25575.110357703943,0.01
2024-05-08,25061.815104078803,507.63446034301694,25569.44956442182,0.01
2024-05-09,25061.815104078803,565.4791882902462,25627.29429236905,0.01
2024-05-10,25061.815104078803,584.4092287319439,25646.224332810747,0.01
2024-05-13,25061.815104078803,548.9399974905073,25610.75510156931,0.01
2024-05-14,25061.815104078803,581.168261850511,25642.983365929314,0.01
2024-05-15,25061.815104078803,621.6171730470717,25683.432277125874,0.01
2024-05-16,25061.815104078803,601.8941803698823,25663.709284448687,0.01
2024-05-17,25061.815104078803,659.6243310972256,25721.439435176027,0.01
2024-05-20,25061.815104078803,675.9059790199013,25737.721083098706,0.01
2024-05-21,25061.815104078803,670.1934502395079,25732.008554318312,0.01
2024-05-22,25061.815104078803,606.9199273169805,25668.735031395783,0.01
2024-05-23,25061.815104078803,535.6138415128347,25597.428945591637,0.01
2024-05-24,25061.815104078803,544.8304020221714,25606.645506100976,0.01
2024-05-27,25061.815104078803,568.104329606574,25629.919433685376,0.01
2024-05-28,25061.815104078803,581.7975732503078,25643.61267732911,0.01
2024-05-29,25061.815104078803,547.7357011815875,25609.55080526039,0.01
2024-05-30,25061.815104078803,558.1053877995682,25619.920491878373,0.01
2024-05-31,25061.815104078803,533.2881634881178,25595.10326756692,0.01
2024-06-03,25061.815104078803,566.354990593139,25628.170094671943,0.01
2024-06-04,25061.815104078803,527.6818057538053,25589.496909832607,0.01
2024-06-05,25061.815104078803,573.2979019669166,25635.11300604572,0.01
2024-06-06,25061.815104078803,604.3307370518817,25666.145841130685,0.01
2024-06-07,25061.815104078803,478.3848614244781,25540.19996550328,0.01
2024-06-10,25061.815104078803,512.1089804430599,25573.924084521863,0.01
2024-06-11,25061.815104078803,518.7632419639978,25580.578346042803,0.01
2024-06-12,25061.815104078803,531.2180228044156,25593.03312688322,0.01
2024-06-13,25061.815104078803,495.2736154548092,25557.08871953361,0.01
2024-06-14,25061.815104078803,540.7931760735698,25602.608280152373,0.01
2024-06-17,25061.815104078803,521.8424486969634,25583.657552775767,0.01
2024-06-18,25061.815104078803,537.6420229102645,25599.45712698907,0.01
2024-06-19,25061.815104078803,532.2606183419748,25594.075722420777,0.01
2024-06-20,25061.815104078803,578.7837191233257,25640.59882320213,0.01
2024-06-21,25061.815104078803,522.0985696910315,25583.913673769835,0.01
2024-06-24,25061.815104078803,542.9672933023159,25604.78239738112,0.01
2024-06-25,25061.815104078803,519.1678218864998,25580.9829259653,0.01
2024-06-26,25061.815104078803,487.7181500303669,25549.53325410917,0.01
2024-06-27,25061.815104078803,531.8433612244452,25593.658465303248,0.01
2024-06-28,25061.815104078803,530.189076326836,25592.004180405638,0.01
2024-07-01,25061.815104078803,535.9410611572458,25597.75616523605,0.01
2024-07-02,25061.815104078803,533.6888398769745,25595.503943955777,0.01
2024-07-03,25061.815104078803,573.175359555416,25634.990463634218,0.01
2024-07-04,25061.815104078803,570.7593746083397,25632.574478687144,0.01
2024-07-05,25061.815104078803,620.1400278691635,25681.955131947965,0.01
2024-07-08,25061.815104078803,571.3839880478965,25633.1990921267,0.01
2024-07-09,25061.815104078803,578.4275960930962,25640.2427001719,0.01
2024-07-10,25061.815104078803,589.397173929476,25651.21227800828,0.01
2024-07-11,25061.815104078803,654.2318927138415,25716.046996792644,0.01
2024-07-12,25061.815104078803,647.5700693169248,25709.385173395727,0.01
2024-07-15,25061.815104078803,661.9185391315102,25723.733643210315,0.01
2024-07-16,25061.815104078803,731.8717299518961,25793.6868340307,0.01
2024-07-17,25061.815104078803,719.8303360570457,25781.64544013585,0.01
2024-07-18,25061.815104078803,700.2933580209935,25762.108462099797,0.01
2024-07-19,25061.815104078803,635.8682151070357,25697.68331918584,0.01
2024-07-22,25061.815104078803,631.9376743065277,25693.75277838533,0.01
2024-07-23,25061.815104078803,655.6447699773969,25717.4598740562,0.01
2024-07-24,25061.815104078803,639.6882920595607,25701.503396138363,0.01
2024-07-25,25061.815104078803,593.521751308811,25655.336855387613,0.01
2024-07-26,25061.815104078803,633.6291255868889,25695.444229665693,0.01
2024-07-29,25061.815104078803,625.2692780819611,25687.084382160763,0.01
2024-07-30,25061.815104078803,667.3203083768817,25729.135412455686,0.01
2024-07-31,25061.815104078803,724.1484780682977,25785.963582147102,0.01
2024-08-01,25061.815104078803,721.9178402794823,25783.732944358286,0.01
2024-08-02,25061.815104078803,719.2431282123769,25781.05823229118,0.01
2024-08-05,25061.815104078803,669.278343915396,25731.0934479942,0.01
2024-08-06,25061.815104078803,640.4560570711002,25702.271161149903,0.01
2024-08-07,25061.815104078803,627.5141551003046,25689.329259179107,0.01
2024-08-08,25061.815104078803,695.4348309226381,25757.24993500144,0.01
2024-08-09,25061.815104078803,693.4068321580381,25755.22193623684,0.01
2024-08-12,25061.815104078803,757.8425325923041,25819.65763667111,0.01
2024-08-13,25061.815104078803,745.5413984840247,25807.356502562827,0.01
2024-08-14,25061.815104078803,714.8049370172325,25776.620041096037,0.01
2024-08-15,25061.815104078803,731.9154980258871,25793.73060210469,0.01
2024-08-16,25061.815104078803,806.3370753508368,25868.15217942964,0.01
2024-08-19,25061.815104078803,795.5251483709429,25857.340252449747,0.01
2024-08-20,25061.815104078803,802.3348843145386,25864.149988393343,0.01
2024-08-21,25061.815104078803,798.4241797690817,25860.239283847885,0.01
2024-08-22,25061.815104078803,757.3881364850567,25819.20324056386,0.01
2024-08-23,25061.815104078803,802.6399157670161,25864.45501984582,0.01
2024-08-26,25061.815104078803,800.9856972473234,25862.800801326128,0.01
2024-08-27,25061.815104078803,813.3513191889473,25875.16642326775,0.01
2024-08-28,25061.815104078803,781.1411578908635,25842.956261969666,0.01
2024-08-29,25061.815104078803,806.5744403480589,25868.389544426864,0.01
2024-08-30,25061.815104078803,778.9877997788604,25840.802903857664,0.01
2024-09-02,25061.815104078803,777.0751129399102,25838.890217018714,0.01
2024-09-03,25061.815104078803,764.3933790120265,25826.20848309083,0.01
2024-09-04,25061.815104078803,776.9089674474894,25838.724071526292,0.01
2024-09-05,25061.815104078803,807.1205764188492,25868.935680497652,0.01
2024-09-06,25061.815104078803,776.1314103459458,25837.946514424748,0.01
2024-09-09,25061.815104078803,798.2713595843977,25860.0864636632,0.01
2024-09-10,25061.815104078803,814.6723171003057,25876.48742117911,0.01
2024-09-11,25061.815104078803,808.1222035650496,25869.937307643853,0.01
2024-09-12,25061.815104078803,876.0284344376455,25937.84353851645,0.01
2024-09-13,25061.815104078803,900.7711994639518,25962.586303542754,0.01
2024-09-16,25061.815104078803,907.8031555650308,25969.618259643834,0.01
2024-09-17,25061.815104078803,882.2721951107886,25944.087299189592,0.01
2024-09-18,25061.815104078803,866.5108091831613,25928.325913261964,0.01
2024-09-19,25061.815104078803,906.2400206212614,25968.055124700066,0.01
2024-09-20,25061.815104078803,951.5022270325944,26013.317331111397,0.01
2024-09-23,25061.815104078803,961.6071722459218,26023.422276324723,0.01
2024-09-24,25061.815104078803,999.3730192409412,26061.188123319746,0.01
2024-09-25,25061.815104078803,991.0648770328826,26052.879981111684,0.01
2024-09-26,25061.815104078803,1023.1518617217107,26084.966965800515,0.01
2024-09-27,25061.815104078803,993.6749969434268,26055.49010102223,0.01
2024-09-30,25061.815104078803,956.9488739025728,26018.763977981376,0.01
2024-10-01,25061.815104078803,997.1234824811378,26058.93858655994,0.01
2024-10-02,25061.815104078803,994.9015913622669,26056.71669544107,0.01
2024-10-03,25061.815104078803,990.8346197842322,26052.649723863036,0.01
2024-10-04,25061.815104078803,992.3557027788191,26054.170806857623,0.01
2024-10-07,25061.815104078803,983.6727332347956,26045.487837313598,0.01
2024-10-08,25061.815104078803,958.705892052504,26020.52099613131,0.01
2024-10-09,25061.815104078803,939.3622926948962,26001.1773967737,0.01
2024-10-10,25061.815104078803,977.1837190659451,26038.99882314475,0.01
2024-10-11,25061.815104078803,1013.6240405153285,26075.439144594133,0.01
2024-10-14,25061.815104078803,1000.8032301835084,26062.61833426231,0.01
2024-10-15,25061.815104078803,1024.001334002981,26085.816438081783,0.01
2024-10-16,25061.815104078803,1044.283654677678,26106.09875875648,0.01
2024-10-17,25061.815104078803,1078.483154762254,26140.298258841056,0.01
2024-10-18,25061.815104078803,1117.425111096702,26179.240215175505,0.01
2024-10-21,25061.815104078803,1112.0378480890151,26173.852952167817,0.01
2024-10-22,25061.815104078803,1163.9973217919528,26225.812425870758,0.01
2024-10-23,25061.815104078803,1109.6300498962748,26171.445153975077,0.01
2024-10-24,25061.815104078803,1148.3238287595666,26210.13893283837,0.01
2024-10-25,25061.815104078803,1163.1847000567557,26224.999804135557,0.01
2024-10-28,25061.815104078803,1162.0931118024002,26223.908215881205,0.01
2024-10-29,25061.815104078803,1215.9403562923403,26277.755460371143,0.01
2024-10-30,25061.815104078803,1239.9734355035062,26301.78853958231,0.01
2024-10-31,25061.815104078803,1171.481965161871,26233.297069240674,0.01
2024-11-01,25061.815104078803,1156.917593359911,26218.732697438714,0.01
2024-11-04,25061.815104078803,1157.1093972197207,26218.924501298523,0.01
2024-11-05,25061.815104078803,1168.9235748245267,26230.73867890333,0.01
2024-11-06,25061.815104078803,1033.0694038885558,26094.88450796736,0.01
2024-11-07,25061.815104078803,1115.168283840626,26176.98338791943,0.01
2024-11-08,25061.815104078803,1064.2930198829888,26126.108123961792,0.01
2024-11-11,25061.815104078803,981.1077829110384,26042.922886989843,0.01
2024-11-12,25061.815104078803,949.2332615609132,26011.048365639715,0.01
2024-11-13,25061.815104078803,916.9533113008293,25978.768415379633,0.01
2024-11-14,25061.815104078803,909.3379996977111,25971.153103776516,0.01
2024-11-15,25061.815104078803,910.7510066220691,25972.56611070087,0.01
2024-11-18,25061.815104078803,987.6428781632798,26049.457982242082,0.01
2024-11-19,25061.815104078803,1011.6062541593296,26073.421358238134,0.01
2024-11-20,25061.815104078803,1035.0323465416589,26096.847450620462,0.01
2024-11-21,25061.815104078803,1068.857397552694,26130.672501631496,0.01
2024-11-22,25061.815104078803,1137.1922737716689,26199.007377850474,0.01
2024-11-25,25061.815104078803,997.2622560822942,26059.077360161096,0.01
2024-11-26,25061.815104078803,1013.536415170232,26075.351519249034,0.01
2024-11-27,25061.815104078803,1022.1780204519879,26083.993124530793,0.01
2024-11-28,25061.815104078803,1021.3654971351604,26083.180601213964,0.01
2024-11-29,25061.815104078803,1039.122788049481,26100.937892128284,0.01
2024-12-02,25061.815104078803,1021.1244406711285,26082.939544749934,0.01
2024-12-03,25061.815104078803,1034.3117637465389,26096.126867825344,0.01
2024-12-04,25061.815104078803,1041.7638545102125,26103.578958589016,0.01
2024-12-05,25061.815104078803,1023.4641956991707,26085.279299777972,0.01
2024-12-06,25061.815104078803,1021.2170729020371,26083.03217698084,0.01
2024-12-09,25061.815104078803,1072.8246710612743,26134.639775140076,0.01
2024-12-10,25061.815104078803,1117.7971694777716,26179.612273556573,0.01
2024-12-11,25061.815104078803,1166.3500017932838,26228.16510587209,0.01
2024-12-12,25061.815104078803,1108.796059918534,26170.61116399734,0.01
2024-12-13,25061.815104078803,1059.5519661074827,26121.367070186287,0.01
2024-12-16,25061.815104078803,1067.247557941254,26129.062662020056,0.01
2024-12-17,25061.815104078803,1055.8141439708688,26117.62924804967,0.01
2024-12-18,25061.815104078803,964.6096680768203,26026.424772155624,0.01
2024-12-19,25061.815104078803,998.7952253752693,26060.610329454074,0.01
2024-12-20,25061.815104078803,1039.717337905307,26101.53244198411,0.01
2024-12-23,25061.815104078803,1022.0081896574824,26083.823293736285,0.01
2024-12-24,25061.815104078803,1026.8591287013305,26088.674232780133,0.01
2024-12-26,26090.15130623195,0.0,26090.15130623195,0.0
2024-12-27,26090.15130623195,0.0,26090.15130623195,0.0
2024-12-30,26090.15130623195,0.0,26090.15130623195,0.0
2024-12-31,26090.15130623195,0.0,26090.15130623195,0.0
2025-01-02,26090.15130623195,0.0,26090.15130623195,0.0
2025-01-03,26090.15130623195,0.0,26090.15130623195,0.0
2025-01-06,26090.15130623195,0.0,26090.15130623195,0.0
2025-01-07,26090.15130623195,0.0,26090.15130623195,0.0
2025-01-08,26090.15130623195,0.0,26090.15130623195,0.0
2025-01-09,26090.15130623195,0.0,26090.15130623195,0.0
2025-01-10,26090.15130623195,0.0,26090.15130623195,0.0
2025-01-13,26090.15130623195,0.0,26090.15130623195,0.0
2025-01-14,26090.15130623195,0.0,26090.15130623195,0.0
2025-01-15,26090.15130623195,0.0,26090.15130623195,0.0
2025-01-16,26090.15130623195,0.0,26090.15130623195,0.0
2025-01-17,26090.15130623195,0.0,26090.15130623195,0.0
2025-01-20,26090.15130623195,0.0,26090.15130623195,0.0
2025-01-21,26090.15130623195,0.0,26090.15130623195,0.0
2025-01-22,26090.15130623195,0.0,26090.15130623195,0.0
2025-01-23,26090.15130623195,0.0,26090.15130623195,0.0
2025-01-24,26090.15130623195,0.0,26090.15130623195,0.0
2025-01-27,26090.15130623195,0.0,26090.15130623195,0.0
2025-01-28,26090.15130623195,0.0,26090.15130623195,0.0
2025-01-29,26090.15130623195,0.0,26090.15130623195,0.0
2025-01-30,26090.15130623195,0.0,26090.15130623195,0.0
2025-01-31,26090.15130623195,0.0,26090.15130623195,0.0
2025-02-03,26090.15130623195,0.0,26090.15130623195,0.0
2025-02-04,26090.15130623195,0.0,26090.15130623195,0.0
2025-02-05,26090.15130623195,0.0,26090.15130623195,0.0
2025-02-06,26090.15130623195,0.0,26090.15130623195,0.0
2025-02-07,26090.15130623195,0.0,26090.15130623195,0.0
2025-02-10,26090.15130623195,0.0,26090.15130623195,0.0
2025-02-11,26090.15130623195,0.0,26090.15130623195,0.0
2025-02-12,26090.15130623195,0.0,26090.15130623195,0.0
2025-02-13,26090.15130623195,0.0,26090.15130623195,0.0
2025-02-14,26090.15130623195,0.0,26090.15130623195,0.0
2025-02-17,26090.15130623195,0.0,26090.15130623195,0.0
2025-02-18,26090.15130623195,0.0,26090.15130623195,0.0
2025-02-19,26090.15130623195,0.0,26090.15130623195,0.0
2025-02-20,26090.15130623195,0.0,26090.15130623195,0.0
2025-02-21,26090.15130623195,0.0,26090.15130623195,0.0
2025-02-24,26090.15130623195,0.0,26090.15130623195,0.0
2025-02-25,26090.15130623195,0.0,26090.15130623195,0.0
2025-02-26,26090.15130623195,0.0,26090.15130623195,0.0
2025-02-27,26090.15130623195,0.0,26090.15130623195,0.0
2025-02-28,26090.15130623195,0.0,26090.15130623195,0.0
2025-03-03,26090.15130623195,0.0,26090.15130623195,0.0
2025-03-04,26090.15130623195,0.0,26090.15130623195,0.0
2025-03-05,26090.15130623195,0.0,26090.15130623195,0.0
2025-03-06,26090.15130623195,0.0,26090.15130623195,0.0
2025-03-07,26090.15130623195,0.0,26090.15130623195,0.0
2025-03-10,26090.15130623195,0.0,26090.15130623195,0.0
2025-03-11,26090.15130623195,0.0,26090.15130623195,0.0
2025-03-12,26090.15130623195,0.0,26090.15130623195,0.0
2025-03-13,26090.15130623195,0.0,26090.15130623195,0.0
2025-03-14,26090.15130623195,0.0,26090.15130623195,0.0
2025-03-17,26090.15130623195,0.0,26090.15130623195,0.0
2025-03-18,26090.15130623195,0.0,26090.15130623195,0.0
2025-03-19,26090.15130623195,0.0,26090.15130623195,0.0
2025-03-20,26090.15130623195,0.0,26090.15130623195,0.0
2025-03-21,26090.15130623195,0.0,26090.15130623195,0.0
2025-03-24,26090.15130623195,0.0,26090.15130623195,0.0
2025-03-25,26090.15130623195,0.0,26090.15130623195,0.0
2025-03-26,26090.15130623195,0.0,26090.15130623195,0.0
2025-03-27,26090.15130623195,0.0,26090.15130623195,0.0
2025-03-28,26090.15130623195,0.0,26090.15130623195,0.0
2025-03-31,26090.15130623195,0.0,26090.15130623195,0.0
2025-04-01,26090.15130623195,0.0,26090.15130623195,0.0
2025-04-02,26090.15130623195,0.0,26090.15130623195,0.0
2025-04-03,26090.15130623195,0.0,26090.15130623195,0.0
2025-04-04,26090.15130623195,0.0,26090.15130623195,0.0
2025-04-07,26090.15130623195,0.0,26090.15130623195,0.0
2025-04-08,26090.15130623195,0.0,26090.15130623195,0.0
2025-04-09,26090.15130623195,0.0,26090.15130623195,0.0
2025-04-10,26090.15130623195,0.0,26090.15130623195,0.0
2025-04-11,26090.15130623195,0.0,26090.15130623195,0.0
2025-04-14,26090.15130623195,0.0,26090.15130623195,0.0
2025-04-15,26090.15130623195,0.0,26090.15130623195,0.0
2025-04-16,26090.15130623195,0.0,26090.15130623195,0.0
2025-04-17,26090.15130623195,0.0,26090.15130623195,0.0
2025-04-21,26090.15130623195,0.0,26090.15130623195,0.0
2025-04-22,26090.15130623195,0.0,26090.15130623195,0.0
2025-04-23,26090.15130623195,0.0,26090.15130623195,0.0
2025-04-24,26090.15130623195,0.0,26090.15130623195,0.0
2025-04-25,26090.15130623195,0.0,26090.15130623195,0.0
2025-04-28,26090.15130623195,0.0,26090.15130623195,0.0
2025-04-29,26090.15130623195,0.0,26090.15130623195,0.0
2025-04-30,26090.15130623195,0.0,26090.15130623195,0.0
2025-05-01,26090.15130623195,0.0,26090.15130623195,0.0
2025-05-02,26090.15130623195,0.0,26090.15130623195,0.0
2025-05-05,26090.15130623195,0.0,26090.15130623195,0.0
2025-05-06,26090.15130623195,0.0,26090.15130623195,0.0
2025-05-07,26090.15130623195,0.0,26090.15130623195,0.0
2025-05-08,26090.15130623195,0.0,26090.15130623195,0.0
2025-05-09,26090.15130623195,0.0,26090.15130623195,0.0
2025-05-12,26090.15130623195,0.0,26090.15130623195,0.0
2025-05-13,26090.15130623195,0.0,26090.15130623195,0.0
2025-05-14,26090.15130623195,0.0,26090.15130623195,0.0
2025-05-15,26090.15130623195,0.0,26090.15130623195,0.0
2025-05-16,26090.15130623195,0.0,26090.15130623195,0.0
2025-05-19,26090.15130623195,0.0,26090.15130623195,0.0
2025-05-20,26090.15130623195,0.0,26090.15130623195,0.0
2025-05-21,26090.15130623195,0.0,26090.15130623195,0.0
2025-05-22,26090.15130623195,0.0,26090.15130623195,0.0
2025-05-23,26090.15130623195,0.0,26090.15130623195,0.0
2025-05-26,26090.15130623195,0.0,26090.15130623195,0.0
2025-05-27,26090.15130623195,0.0,26090.15130623195,0.0
2025-05-28,26090.15130623195,0.0,26090.15130623195,0.0
2025-05-29,26090.15130623195,0.0,26090.15130623195,0.0
2025-05-30,26090.15130623195,0.0,26090.15130623195,0.0
2025-06-02,26090.15130623195,0.0,26090.15130623195,0.0
2025-06-03,26090.15130623195,0.0,26090.15130623195,0.0
2025-06-04,26090.15130623195,0.0,26090.15130623195,0.0
2025-06-05,26090.15130623195,0.0,26090.15130623195,0.0
2025-06-06,26090.15130623195,0.0,26090.15130623195,0.0
2025-06-09,26090.15130623195,0.0,26090.15130623195,0.0
2025-06-10,26090.15130623195,0.0,26090.15130623195,0.0
2025-06-11,26090.15130623195,0.0,26090.15130623195,0.0
2025-06-12,26090.15130623195,0.0,26090.15130623195,0.0
2025-06-13,26090.15130623195,0.0,26090.15130623195,0.0
2025-06-16,26090.15130623195,0.0,26090.15130623195,0.0
2025-06-17,26090.15130623195,0.0,26090.15130623195,0.0
2025-06-18,26090.15130623195,0.0,26090.15130623195,0.0
2025-06-19,26090.15130623195,0.0,26090.15130623195,0.0
2025-06-20,26090.15130623195,0.0,26090.15130623195,0.0
2025-06-23,26090.15130623195,0.0,26090.15130623195,0.0
2025-06-24,26090.15130623195,0.0,26090.15130623195,0.0
2025-06-25,26090.15130623195,0.0,26090.15130623195,0.0
2025-06-26,26090.15130623195,0.0,26090.15130623195,0.0
2025-06-27,26090.15130623195,0.0,26090.15130623195,0.0
2025-06-30,26090.15130623195,0.0,26090.15130623195,0.0
2025-07-01,26090.15130623195,0.0,26090.15130623195,0.0
2025-07-02,26090.15130623195,0.0,26090.15130623195,0.0
2025-07-03,26090.15130623195,0.0,26090.15130623195,0.0
2025-07-04,26090.15130623195,0.0,26090.15130623195,0.0
2025-07-07,26090.15130623195,0.0,26090.15130623195,0.0
2025-07-08,26090.15130623195,0.0,26090.15130623195,0.0
2025-07-09,26090.15130623195,0.0,26090.15130623195,0.0
2025-07-10,26090.15130623195,0.0,26090.15130623195,0.0
2025-07-11,26090.15130623195,0.0,26090.15130623195,0.0
2025-07-14,26090.15130623195,0.0,26090.15130623195,0.0
2025-07-15,26090.15130623195,0.0,26090.15130623195,0.0
2025-07-16,26090.15130623195,0.0,26090.15130623195,0.0
2025-07-17,26090.15130623195,0.0,26090.15130623195,0.0
2025-07-18,26090.15130623195,0.0,26090.15130623195,0.0
2025-07-21,26090.15130623195,0.0,26090.15130623195,0.0
2025-07-22,26090.15130623195,0.0,26090.15130623195,0.0
2025-07-23,26090.15130623195,0.0,26090.15130623195,0.0
2025-07-24,26090.15130623195,0.0,26090.15130623195,0.0
2025-07-25,26090.15130623195,0.0,26090.15130623195,0.0
2025-07-28,26090.15130623195,0.0,26090.15130623195,0.0
2025-07-29,26090.15130623195,0.0,26090.15130623195,0.0
2025-07-30,26090.15130623195,0.0,26090.15130623195,0.0
2025-07-31,26090.15130623195,0.0,26090.15130623195,0.0
2025-08-01,26090.15130623195,0.0,26090.15130623195,0.0
2025-08-04,26090.15130623195,0.0,26090.15130623195,0.0
2025-08-05,26090.15130623195,0.0,26090.15130623195,0.0
2025-08-06,26090.15130623195,0.0,26090.15130623195,0.0
2025-08-07,26090.15130623195,0.0,26090.15130623195,0.0
2025-08-08,26090.15130623195,0.0,26090.15130623195,0.0
2025-08-11,26090.15130623195,0.0,26090.15130623195,0.0
2025-08-12,26090.15130623195,0.0,26090.15130623195,0.0
2025-08-13,26090.15130623195,0.0,26090.15130623195,0.0
2025-08-14,26090.15130623195,0.0,26090.15130623195,0.0
2025-08-15,26090.15130623195,0.0,26090.15130623195,0.0
2025-08-18,26090.15130623195,0.0,26090.15130623195,0.0
2025-08-19,26090.15130623195,0.0,26090.15130623195,0.0
2025-08-20,26090.15130623195,0.0,26090.15130623195,0.0
2025-08-21,26090.15130623195,0.0,26090.15130623195,0.0
2025-08-22,26090.15130623195,0.0,26090.15130623195,0.0
2025-08-25,26090.15130623195,0.0,26090.15130623195,0.0
2025-08-26,26090.15130623195,0.0,26090.15130623195,0.0
2025-08-27,26090.15130623195,0.0,26090.15130623195,0.0
2025-08-28,26090.15130623195,0.0,26090.15130623195,0.0
2025-08-29,26090.15130623195,0.0,26090.15130623195,0.0
2025-09-01,26090.15130623195,0.0,26090.15130623195,0.0
2025-09-02,26090.15130623195,0.0,26090.15130623195,0.0
2025-09-03,26090.15130623195,0.0,26090.15130623195,0.0
2025-09-04,26090.15130623195,0.0,26090.15130623195,0.0
2025-09-05,26090.15130623195,0.0,26090.15130623195,0.0
2025-09-08,26090.15130623195,0.0,26090.15130623195,0.0
2025-09-09,26090.15130623195,0.0,26090.15130623195,0.0
2025-09-10,26090.15130623195,0.0,26090.15130623195,0.0
2025-09-11,26090.15130623195,0.0,26090.15130623195,0.0
2025-09-12,26090.15130623195,0.0,26090.15130623195,0.0
2025-09-15,26090.15130623195,0.0,26090.15130623195,0.0
2025-09-16,26090.15130623195,0.0,26090.15130623195,0.0
2025-09-17,26090.15130623195,0.0,26090.15130623195,0.0
2025-09-18,26090.15130623195,0.0,26090.15130623195,0.0
2025-09-19,26090.15130623195,0.0,26090.15130623195,0.0
2025-09-22,26090.15130623195,0.0,26090.15130623195,0.0
2025-09-23,26090.15130623195,0.0,26090.15130623195,0.0
2025-09-24,26090.15130623195,0.0,26090.15130623195,0.0
2025-09-25,26090.15130623195,0.0,26090.15130623195,0.0
2025-09-26,26090.15130623195,0.0,26090.15130623195,0.0
2025-09-29,26090.15130623195,0.0,26090.15130623195,0.0
2025-09-30,26090.15130623195,0.0,26090.15130623195,0.0
2025-10-01,26090.15130623195,0.0,26090.15130623195,0.0
2025-10-02,26090.15130623195,0.0,26090.15130623195,0.0
2025-10-03,26090.15130623195,0.0,26090.15130623195,0.0
2025-10-06,26090.15130623195,0.0,26090.15130623195,0.0
2025-10-07,26090.15130623195,0.0,26090.15130623195,0.0
2025-10-08,26090.15130623195,0.0,26090.15130623195,0.0
2025-10-09,26090.15130623195,0.0,26090.15130623195,0.0
2025-10-10,26090.15130623195,0.0,26090.15130623195,0.0
2025-10-13,26090.15130623195,0.0,26090.15130623195,0.0
2025-10-14,26090.15130623195,0.0,26090.15130623195,0.0
2025-10-15,26090.15130623195,0.0,26090.15130623195,0.0
2025-10-16,26090.15130623195,0.0,26090.15130623195,0.0
2025-10-17,26090.15130623195,0.0,26090.15130623195,0.0
2025-10-20,26090.15130623195,0.0,26090.15130623195,0.0
2025-10-21,26090.15130623195,0.0,26090.15130623195,0.0
2025-10-22,26090.15130623195,0.0,26090.15130623195,0.0
2025-10-23,26090.15130623195,0.0,26090.15130623195,0.0
2025-10-24,26090.15130623195,0.0,26090.15130623195,0.0
2025-10-27,26090.15130623195,0.0,26090.15130623195,0.0
2025-10-28,26090.15130623195,0.0,26090.15130623195,0.0
2025-10-29,26090.15130623195,0.0,26090.15130623195,0.0
2025-10-30,26090.15130623195,0.0,26090.15130623195,0.0
2025-10-31,26090.15130623195,0.0,26090.15130623195,0.0
2025-11-03,26090.15130623195,0.0,26090.15130623195,0.0
2025-11-04,26090.15130623195,0.0,26090.15130623195,0.0
2025-11-05,26090.15130623195,0.0,26090.15130623195,0.0
2025-11-06,26090.15130623195,0.0,26090.15130623195,0.0
2025-11-07,26090.15130623195,0.0,26090.15130623195,0.0
2025-11-10,26090.15130623195,0.0,26090.15130623195,0.0
2025-11-11,26090.15130623195,0.0,26090.15130623195,0.0
2025-11-12,26090.15130623195,0.0,26090.15130623195,0.0
2025-11-13,26090.15130623195,0.0,26090.15130623195,0.0
2025-11-14,26090.15130623195,0.0,26090.15130623195,0.0
2025-11-17,26090.15130623195,0.0,26090.15130623195,0.0
2025-11-18,26090.15130623195,0.0,26090.15130623195,0.0
2025-11-19,26090.15130623195,0.0,26090.15130623195,0.0
2025-11-20,26090.15130623195,0.0,26090.15130623195,0.0
2025-11-21,26090.15130623195,0.0,26090.15130623195,0.0
2025-11-24,26090.15130623195,0.0,26090.15130623195,0.0
2025-11-25,26090.15130623195,0.0,26090.15130623195,0.0
2025-11-26,26090.15130623195,0.0,26090.15130623195,0.0
2025-11-27,26090.15130623195,0.0,26090.15130623195,0.0
2025-11-28,26090.15130623195,0.0,26090.15130623195,0.0
2025-12-01,26090.15130623195,0.0,26090.15130623195,0.0
2025-12-02,26090.15130623195,0.0,26090.15130623195,0.0
2025-12-03,26090.15130623195,0.0,26090.15130623195,0.0
2025-12-04,26090.15130623195,0.0,26090.15130623195,0.0
2025-12-05,26090.15130623195,0.0,26090.15130623195,0.0
2025-12-08,26090.15130623195,0.0,26090.15130623195,0.0
2025-12-09,26090.15130623195,0.0,26090.15130623195,0.0
2025-12-10,26090.15130623195,0.0,26090.15130623195,0.0
2025-12-11,26090.15130623195,0.0,26090.15130623195,0.0
2025-12-12,26090.15130623195,0.0,26090.15130623195,0.0
2025-12-15,26090.15130623195,0.0,26090.15130623195,0.0
2025-12-16,26090.15130623195,0.0,26090.15130623195,0.0
2025-12-17,26090.15130623195,0.0,26090.15130623195,0.0
2025-12-18,26090.15130623195,0.0,26090.15130623195,0.0
2025-12-19,26090.15130623195,0.0,26090.15130623195,0.0
2025-12-22,26090.15130623195,0.0,26090.15130623195,0.0
2025-12-23,26090.15130623195,0.0,26090.15130623195,0.0
2025-12-24,26090.15130623195,0.0,26090.15130623195,0.0
2025-12-26,26090.15130623195,0.0,26090.15130623195,0.0
2025-12-29,26090.15130623195,0.0,26090.15130623195,0.0
2025-12-30,26090.15130623195,0.0,26090.15130623195,0.0
2025-12-31,26090.15130623195,0.0,26090.15130623195,0.0
2026-01-02,26090.15130623195,0.0,26090.15130623195,0.0
2026-01-05,26090.15130623195,0.0,26090.15130623195,0.0
2026-01-06,26090.15130623195,0.0,26090.15130623195,0.0
2026-01-07,26090.15130623195,0.0,26090.15130623195,0.0
2026-01-08,26090.15130623195,0.0,26090.15130623195,0.0
2026-01-09,26090.15130623195,0.0,26090.15130623195,0.0
2026-01-12,26090.15130623195,0.0,26090.15130623195,0.0
2026-01-13,26090.15130623195,0.0,26090.15130623195,0.0
2026-01-14,26090.15130623195,0.0,26090.15130623195,0.0
2026-01-15,26090.15130623195,0.0,26090.15130623195,0.0
2026-01-16,26090.15130623195,0.0,26090.15130623195,0.0
2026-01-19,26090.15130623195,0.0,26090.15130623195,0.0
2026-01-20,26090.15130623195,0.0,26090.15130623195,0.0
2026-01-21,26090.15130623195,0.0,26090.15130623195,0.0
2026-01-22,26090.15130623195,0.0,26090.15130623195,0.0
2026-01-23,26090.15130623195,0.0,26090.15130623195,0.0
2026-01-26,26090.15130623195,0.0,26090.15130623195,0.0
2026-01-27,26090.15130623195,0.0,26090.15130623195,0.0
2026-01-28,26090.15130623195,0.0,26090.15130623195,0.0
2026-01-29,26090.15130623195,0.0,26090.15130623195,0.0
2026-01-30,26090.15130623195,0.0,26090.15130623195,0.0
2026-02-02,26090.15130623195,0.0,26090.15130623195,0.0
2026-02-03,26090.15130623195,0.0,26090.15130623195,0.0
2026-02-04,26090.15130623195,0.0,26090.15130623195,0.0
2026-02-05,26090.15130623195,0.0,26090.15130623195,0.0
2026-02-06,26090.15130623195,0.0,26090.15130623195,0.0
2026-02-09,26090.15130623195,0.0,26090.15130623195,0.0
2026-02-10,26090.15130623195,0.0,26090.15130623195,0.0
2026-02-11,26090.15130623195,0.0,26090.15130623195,0.0
2026-02-12,26090.15130623195,0.0,26090.15130623195,0.0
2026-02-13,26090.15130623195,0.0,26090.15130623195,0.0
2026-02-16,26090.15130623195,0.0,26090.15130623195,0.0
2026-02-17,26090.15130623195,0.0,26090.15130623195,0.0
2026-02-18,26090.15130623195,0.0,26090.15130623195,0.0
2026-02-19,26090.15130623195,0.0,26090.15130623195,0.0
2026-02-20,26090.15130623195,0.0,26090.15130623195,0.0
2026-02-23,26090.15130623195,0.0,26090.15130623195,0.0
2026-02-24,26090.15130623195,0.0,26090.15130623195,0.0
2026-02-25,26090.15130623195,0.0,26090.15130623195,0.0
2026-02-26,26090.15130623195,0.0,26090.15130623195,0.0
2026-02-27,26090.15130623195,0.0,26090.15130623195,0.0
2026-03-02,26090.15130623195,0.0,26090.15130623195,0.0
2026-03-03,26090.15130623195,0.0,26090.15130623195,0.0
2026-03-04,26090.15130623195,0.0,26090.15130623195,0.0
2026-03-05,26090.15130623195,0.0,26090.15130623195,0.0
2026-03-06,26090.15130623195,0.0,26090.15130623195,0.0
2026-03-09,26090.15130623195,0.0,26090.15130623195,0.0
2026-03-10,26090.15130623195,0.0,26090.15130623195,0.0
2026-03-11,26090.15130623195,0.0,26090.15130623195,0.0
2026-03-12,26090.15130623195,0.0,26090.15130623195,0.0
2026-03-13,26090.15130623195,0.0,26090.15130623195,0.0
2026-03-16,26090.15130623195,0.0,26090.15130623195,0.0
2026-03-17,26090.15130623195,0.0,26090.15130623195,0.0
2026-03-18,26090.15130623195,0.0,26090.15130623195,0.0
2026-03-19,26090.15130623195,0.0,26090.15130623195,0.0
2026-03-20,26090.15130623195,0.0,26090.15130623195,0.0
2026-03-23,26090.15130623195,0.0,26090.15130623195,0.0
2026-03-24,26090.15130623195,0.0,26090.15130623195,0.0
2026-03-25,26090.15130623195,0.0,26090.15130623195,0.0
2026-03-26,26090.15130623195,0.0,26090.15130623195,0.0
2026-03-27,26090.15130623195,0.0,26090.15130623195,0.0
2026-03-30,26090.15130623195,0.0,26090.15130623195,0.0
2026-03-31,26090.15130623195,0.0,26090.15130623195,0.0
2026-04-01,26090.15130623195,0.0,26090.15130623195,0.0
2026-04-02,26090.15130623195,0.0,26090.15130623195,0.0
2026-04-06,26090.15130623195,0.0,26090.15130623195,0.0
2026-04-07,26090.15130623195,0.0,26090.15130623195,0.0
2026-04-08,26090.15130623195,0.0,26090.15130623195,0.0
2026-04-09,26090.15130623195,0.0,26090.15130623195,0.0
2026-04-10,26090.15130623195,0.0,26090.15130623195,0.0
2026-04-13,26090.15130623195,0.0,26090.15130623195,0.0
2026-04-14,26090.15130623195,0.0,26090.15130623195,0.0
2026-04-15,26090.15130623195,0.0,26090.15130623195,0.0
2026-04-16,26090.15130623195,0.0,26090.15130623195,0.0
2026-04-17,26090.15130623195,0.0,26090.15130623195,0.0
2026-04-20,26090.15130623195,0.0,26090.15130623195,0.0
2026-04-21,26090.15130623195,0.0,26090.15130623195,0.0
2026-04-22,26090.15130623195,0.0,26090.15130623195,0.0
2026-04-23,26090.15130623195,0.0,26090.15130623195,0.0
2026-04-24,26090.15130623195,0.0,26090.15130623195,0.0
2026-04-27,26090.15130623195,0.0,26090.15130623195,0.0
2026-04-28,26090.15130623195,0.0,26090.15130623195,0.0
2026-04-29,26090.15130623195,0.0,26090.15130623195,0.0
2026-04-30,26090.15130623195,0.0,26090.15130623195,0.0
2026-05-01,26090.15130623195,0.0,26090.15130623195,0.0
2026-05-04,26090.15130623195,0.0,26090.15130623195,0.0
2026-05-05,26090.15130623195,0.0,26090.15130623195,0.0
2026-05-06,26090.15130623195,0.0,26090.15130623195,0.0
2026-05-07,26090.15130623195,0.0,26090.15130623195,0.0
2026-05-08,26090.15130623195,0.0,26090.15130623195,0.0
2026-05-11,26090.15130623195,0.0,26090.15130623195,0.0
2026-05-12,26090.15130623195,0.0,26090.15130623195,0.0
2026-05-13,26090.15130623195,0.0,26090.15130623195,0.0
2026-05-14,26090.15130623195,0.0,26090.15130623195,0.0
2026-05-15,26090.15130623195,0.0,26090.15130623195,0.0
2026-05-18,26090.15130623195,0.0,26090.15130623195,0.0
2026-05-19,26090.15130623195,0.0,26090.15130623195,0.0
2026-05-20,26090.15130623195,0.0,26090.15130623195,0.0
2026-05-21,26090.15130623195,0.0,26090.15130623195,0.0
2026-05-22,26090.15130623195,0.0,26090.15130623195,0.0
2026-05-25,26090.15130623195,0.0,26090.15130623195,0.0
2026-05-26,26090.15130623195,0.0,26090.15130623195,0.0
2026-05-27,26090.15130623195,0.0,26090.15130623195,0.0
2026-05-28,26090.15130623195,0.0,26090.15130623195,0.0
2026-05-29,26090.15130623195,0.0,26090.15130623195,0.0
2026-06-01,26090.15130623195,0.0,26090.15130623195,0.0
2026-06-02,26090.15130623195,0.0,26090.15130623195,0.0
2026-06-03,26090.15130623195,0.0,26090.15130623195,0.0
2026-06-04,26090.15130623195,0.0,26090.15130623195,0.0
2026-06-05,26090.15130623195,0.0,26090.15130623195,0.0
2026-06-08,26090.15130623195,0.0,26090.15130623195,0.0
2026-06-09,26090.15130623195,0.0,26090.15130623195,0.0
2026-06-10,26090.15130623195,0.0,26090.15130623195,0.0
2026-06-11,26090.15130623195,0.0,26090.15130623195,0.0
2026-06-12,26090.15130623195,0.0,26090.15130623195,0.0
2026-06-15,26090.15130623195,0.0,26090.15130623195,0.0
2026-06-16,26090.15130623195,0.0,26090.15130623195,0.0
2026-06-17,26090.15130623195,0.0,26090.15130623195,0.0
2026-06-18,26090.15130623195,0.0,26090.15130623195,0.0
2026-06-19,26090.15130623195,0.0,26090.15130623195,0.0
2026-06-22,26090.15130623195,0.0,26090.15130623195,0.0
2026-06-23,26090.15130623195,0.0,26090.15130623195,0.0
2026-06-24,26090.15130623195,0.0,26090.15130623195,0.0
2026-06-25,26090.15130623195,0.0,26090.15130623195,0.0
2026-06-26,26090.15130623195,0.0,26090.15130623195,0.0
2026-06-29,26090.15130623195,0.0,26090.15130623195,0.0
2026-06-30,26090.15130623195,0.0,26090.15130623195,0.0
2026-07-01,26090.15130623195,0.0,26090.15130623195,0.0
2026-07-02,26090.15130623195,0.0,26090.15130623195,0.0
2026-07-03,26090.15130623195,0.0,26090.15130623195,0.0
2026-07-06,26090.15130623195,0.0,26090.15130623195,0.0
2026-07-07,26090.15130623195,0.0,26090.15130623195,0.0
2026-07-08,26090.15130623195,0.0,26090.15130623195,0.0
2026-07-09,26090.15130623195,0.0,26090.15130623195,0.0
2026-07-10,26090.15130623195,0.0,26090.15130623195,0.0
2026-07-13,26090.15130623195,0.0,26090.15130623195,0.0
2026-07-14,26090.15130623195,0.0,26090.15130623195,0.0
2026-07-15,26090.15130623195,0.0,26090.15130623195,0.0
2026-07-16,26090.15130623195,0.0,26090.15130623195,0.0
2026-07-17,26090.15130623195,0.0,26090.15130623195,0.0
2026-07-20,26090.15130623195,0.0,26090.15130623195,0.0
2026-07-21,26090.15130623195,0.0,26090.15130623195,0.0
2026-07-22,26090.15130623195,0.0,26090.15130623195,0.0
2026-07-23,26090.15130623195,0.0,26090.15130623195,0.0
2026-07-24,26090.15130623195,0.0,26090.15130623195,0.0
2026-07-27,26090.15130623195,0.0,26090.15130623195,0.0
2026-07-28,26090.15130623195,0.0,26090.15130623195,0.0
2026-07-29,26090.15130623195,0.0,26090.15130623195,0.0
2026-07-30,26090.15130623195,0.0,26090.15130623195,0.0
2026-07-31,26090.15130623195,0.0,26090.15130623195,0.0
2026-08-03,26090.15130623195,0.0,26090.15130623195,0.0
2026-08-04,26090.15130623195,0.0,26090.15130623195,0.0
2026-08-05,26090.15130623195,0.0,26090.15130623195,0.0
2026-08-06,26090.15130623195,0.0,26090.15130623195,0.0
2026-08-07,26090.15130623195,0.0,26090.15130623195,0.0
2026-08-10,26090.15130623195,0.0,26090.15130623195,0.0
2026-08-11,26090.15130623195,0.0,26090.15130623195,0.0
2026-08-12,26090.15130623195,0.0,26090.15130623195,0.0
2026-08-13,26090.15130623195,0.0,26090.15130623195,0.0
2026-08-14,26090.15130623195,0.0,26090.15130623195,0.0
2026-08-17,26090.15130623195,0.0,26090.15130623195,0.0
2026-08-18,26090.15130623195,0.0,26090.15130623195,0.0
2026-08-19,26090.15130623195,0.0,26090.15130623195,0.0
2026-08-20,26090.15130623195,0.0,26090.15130623195,0.0
2026-08-21,26090.15130623195,0.0,26090.15130623195,0.0
