i,side,reason,confluence,agreement,taken,quality
229,1,break_up,-0.222,conflict,True,88.92
277,1,break_up,-0.222,conflict,True,93.23
307,1,break_up,0.0,none,True,82.04
333,1,break_up,0.222,partial,True,82.95
357,1,break_up,0.222,partial,True,96.01
372,1,break_up,0.222,partial,True,71.48
389,-1,break_dn,-0.222,conflict,True,90.57
420,1,break_up,0.0,none,True,85.04
435,1,break_up,0.222,partial,True,78.51
488,1,break_up,0.222,partial,True,69.16
603,1,break_up,0.222,partial,True,86.3
623,1,break_up,0.222,partial,True,88.61
666,-1,break_dn,-0.222,conflict,True,77.78
714,1,break_up,0.222,partial,True,80.55
775,1,break_up,0.222,partial,True,73.75
791,1,break_up,0.222,partial,True,69.94
829,1,break_up,0.556,partial,True,72.81
869,-1,break_dn,-0.556,conflict,True,73.76
909,-1,break_dn,-0.556,conflict,True,74.44
990,1,break_up,0.556,partial,True,90.41
1022,1,break_up,0.556,partial,True,67.78
1060,1,break_up,0.556,partial,True,81.18
1089,1,break_up,0.556,partial,True,96.76
1124,-1,break_dn,-0.556,conflict,True,90.68
1159,1,break_up,0.556,partial,True,75.69
1204,1,break_up,0.556,partial,True,74.8
1257,1,break_up,0.556,partial,True,89.59
1282,-1,break_dn,-0.111,conflict,True,82.83
1317,-1,break_dn,-0.111,conflict,True,75.51
1408,-1,break_dn,-0.111,conflict,True,87.45
1442,-1,break_dn,-0.111,conflict,True,93.85
1446,-1,break_dn,-0.111,conflict,True,66.71
1452,-1,break_dn,-0.111,conflict,True,79.31
1510,-1,break_dn,-0.111,conflict,True,73.14
1530,-1,break_dn,-0.111,conflict,True,77.01
1567,1,break_up,0.111,partial,True,74.08
1604,-1,break_dn,0.222,partial,True,87.47
1621,-1,break_dn,0.556,partial,True,90.45
1637,-1,break_dn,0.556,partial,True,74.86
1676,-1,break_dn,0.556,partial,True,88.05
1739,-1,break_dn,0.556,partial,True,66.8
1758,1,break_up,-0.556,conflict,True,90.01
1797,1,break_up,-0.556,conflict,True,77.47
1869,-1,break_dn,0.333,partial,True,94.5
1889,1,break_up,-0.333,conflict,True,85.89
1897,1,break_up,-0.333,conflict,True,84.18
1927,-1,break_dn,0.556,partial,True,92.67
1979,-1,break_dn,0.556,partial,True,94.69
1991,-1,break_dn,0.556,partial,True,76.75
2026,1,break_up,-0.556,conflict,True,98.29
2076,-1,break_dn,0.333,partial,True,72.44
2098,-1,break_dn,0.556,partial,True,71.36
2163,-1,break_dn,0.556,partial,True,90.17
2200,1,break_up,-0.556,conflict,True,91.82
2223,1,break_up,-0.556,conflict,True,73.63
2281,1,break_up,-0.111,conflict,True,78.64
2349,1,break_up,-0.111,conflict,True,79.74
2408,1,break_up,0.556,partial,True,85.09
2468,1,break_up,0.556,partial,True,73.99
2527,-1,break_dn,-0.556,conflict,True,89.96
2542,-1,break_dn,-0.556,conflict,True,84.18
2562,-1,break_dn,-0.556,conflict,True,79.89
2588,-1,break_dn,-0.556,conflict,True,68.71
2598,-1,break_dn,-0.556,conflict,True,81.32
2656,-1,break_dn,-0.333,conflict,True,95.22
2693,1,break_up,0.111,partial,True,87.56
2738,1,break_up,0.556,partial,True,69.94
2758,1,break_up,0.556,partial,True,79.23
2814,1,break_up,0.556,partial,True,80.58
2825,1,break_up,0.556,partial,True,92.51
2850,1,break_up,0.556,partial,True,95.64
2909,-1,break_dn,-0.556,conflict,True,71.3
2950,-1,break_dn,-0.111,conflict,True,82.19
2975,1,break_up,0.111,partial,True,87.62
2987,1,break_up,0.111,partial,True,77.69
3043,-1,break_dn,-0.111,conflict,True,77.27
3078,1,break_up,0.111,partial,True,85.86
3080,-1,break_dn,-0.111,conflict,True,73.46
3100,1,break_up,0.111,partial,True,87.78
3139,1,break_up,0.556,partial,True,97.19
3179,-1,break_dn,-0.556,conflict,True,88.05
3262,1,break_up,0.333,partial,True,82.54
3279,1,break_up,0.556,partial,True,82.6
3301,1,break_up,0.556,partial,True,77.73
3313,1,break_up,0.556,partial,True,79.39
3333,1,break_up,0.556,partial,True,80.45
3371,1,break_up,0.556,partial,True,63.75
3395,1,break_up,0.556,partial,True,78.96
3397,1,break_up,0.556,partial,True,73.51
3508,-1,break_dn,-0.556,conflict,True,68.16
3543,-1,break_dn,-0.556,conflict,True,85.05
3570,-1,break_dn,-0.556,conflict,True,71.84
3592,-1,break_dn,-0.556,conflict,True,85.17
3630,-1,break_dn,-0.111,conflict,True,81.56
3668,-1,break_dn,-0.111,conflict,True,72.31
3690,-1,break_dn,-0.111,conflict,True,96.19
3714,-1,break_dn,-0.111,conflict,True,79.17
3798,1,break_up,0.111,partial,True,75.33
3810,1,break_up,0.111,partial,True,81.11
3848,-1,break_dn,-0.111,conflict,True,74.61
3867,-1,break_dn,0.222,partial,True,81.37
3931,-1,break_dn,0.556,partial,True,72.57
3956,-1,break_dn,0.556,partial,True,85.87
3980,-1,break_dn,0.556,partial,True,78.99
4003,-1,break_dn,0.556,partial,True,85.72
4026,-1,break_dn,0.556,partial,True,84.19
4068,1,break_up,-0.556,conflict,True,90.63
4122,1,break_up,-0.556,conflict,True,75.84
4196,-1,break_dn,0.556,partial,True,78.79
4318,1,break_up,-0.556,conflict,True,77.14
4356,-1,break_dn,0.556,partial,True,87.88
4391,-1,break_dn,0.556,partial,True,95.2
4411,-1,break_dn,0.556,partial,True,82.26
4444,-1,break_dn,0.556,partial,True,91.63
4462,-1,break_dn,0.556,partial,True,75.21
4512,-1,break_dn,0.556,partial,True,81.33
4544,-1,break_dn,0.556,partial,True,68.34
4578,-1,break_dn,0.556,partial,True,92.56
4598,-1,break_dn,0.556,partial,True,69.72
4612,-1,break_dn,0.556,partial,True,71.72
4635,1,break_up,-0.556,conflict,True,75.71
4692,1,break_up,-0.333,conflict,True,78.21
4725,1,break_up,-0.111,conflict,True,74.03
4751,1,break_up,-0.111,conflict,True,82.18
4791,-1,break_dn,0.111,partial,True,80.12
4842,-1,break_dn,1.0,full,True,72.31
4854,-1,break_dn,1.0,full,True,81.87
4867,1,break_up,-1.0,conflict,True,94.57
4948,1,break_up,-0.556,conflict,True,83.11
4972,1,break_up,-0.556,conflict,True,71.43
4983,1,break_up,-0.556,conflict,True,85.04
5039,-1,break_dn,0.556,partial,True,90.13
5126,1,break_up,-0.222,conflict,True,69.37
5144,1,break_up,-0.222,conflict,True,92.89
5158,1,break_up,-0.222,conflict,True,84.22
5231,1,break_up,0.111,partial,True,88.2
5247,1,break_up,0.111,partial,True,82.54
5258,1,break_up,0.111,partial,True,85.4
5282,1,break_up,0.111,partial,True,79.6
5295,1,break_up,0.111,partial,True,82.41
5339,1,break_up,0.111,partial,True,79.71
5359,1,break_up,0.111,partial,True,90.24
5366,1,break_up,0.111,partial,True,83.47
5441,1,break_up,0.111,partial,True,72.55
5493,-1,break_dn,-0.111,conflict,True,80.56
5529,1,break_up,0.111,partial,True,77.79
5545,1,break_up,0.111,partial,True,81.68
5656,1,break_up,0.111,partial,True,72.31
5698,1,break_up,0.111,partial,True,94.23
5707,1,break_up,0.111,partial,True,94.65
5731,1,break_up,0.111,partial,True,91.84
5756,-1,break_dn,-0.111,conflict,True,94.35
5774,-1,break_dn,-0.111,conflict,True,82.12
5806,-1,break_dn,0.333,partial,True,82.45
5817,-1,break_dn,0.333,partial,True,78.42
5846,-1,break_dn,0.333,partial,True,81.9
5867,-1,break_dn,0.333,partial,True,92.58
5871,-1,break_dn,0.333,partial,True,83.93
5924,-1,break_dn,0.333,partial,True,78.76
6057,1,break_up,-1.0,conflict,True,76.13
6062,1,break_up,-1.0,conflict,True,86.05
6063,1,break_up,-1.0,conflict,True,82.86
6118,-1,break_dn,1.0,full,True,84.75
6139,-1,break_dn,1.0,full,True,81.0
6153,-1,break_dn,1.0,full,True,74.54
6206,-1,break_dn,1.0,full,True,77.51
6234,-1,break_dn,1.0,full,True,76.3
6271,1,break_up,-1.0,conflict,True,79.05
6302,-1,break_dn,1.0,full,True,76.4
6310,1,break_up,-1.0,conflict,True,94.21
6441,1,break_up,-0.556,conflict,True,82.91
6462,1,break_up,-0.556,conflict,True,83.09
6473,1,break_up,-0.556,conflict,True,78.99
6522,1,break_up,-0.222,conflict,True,76.71
6547,-1,break_dn,-0.111,conflict,True,78.43
6607,-1,break_dn,-0.111,conflict,True,76.0
6612,-1,break_dn,-0.111,conflict,True,88.83
6671,1,break_up,0.111,partial,True,69.56
6697,-1,break_dn,-0.111,conflict,True,94.68
6728,1,break_up,-0.111,conflict,True,71.33
6800,-1,break_dn,0.333,partial,True,76.78
6840,-1,break_dn,0.333,partial,True,82.64
6927,-1,break_dn,0.667,partial,True,87.74
6929,-1,break_dn,0.667,partial,True,83.29
6953,-1,break_dn,1.0,full,True,78.46
6979,-1,break_dn,1.0,full,True,71.6
6986,-1,break_dn,1.0,full,True,78.11
7056,-1,break_dn,1.0,full,True,77.33
7083,-1,break_dn,1.0,full,True,76.94
7104,-1,break_dn,1.0,full,True,69.28
7166,1,break_up,-1.0,conflict,True,74.28
7186,1,break_up,-1.0,conflict,True,70.12
7195,1,break_up,-1.0,conflict,True,96.48
7216,1,break_up,-1.0,conflict,True,74.05
7292,1,break_up,-0.556,conflict,True,83.66
7332,-1,break_dn,0.556,partial,True,87.21
7334,-1,break_dn,0.556,partial,True,89.05
7348,1,break_up,-0.556,conflict,True,73.82
7356,-1,break_dn,0.556,partial,True,90.82
7407,1,break_up,-0.778,conflict,True,79.82
7488,-1,break_dn,0.556,partial,True,74.29
7510,-1,break_dn,0.778,partial,True,78.47
7558,1,break_up,-1.0,conflict,True,89.12
7569,1,break_up,-1.0,conflict,True,91.68
7588,1,break_up,-0.778,conflict,True,72.24
7621,-1,break_dn,0.556,partial,True,83.69
7660,1,break_up,-0.556,conflict,True,95.21
7692,1,break_up,-0.556,conflict,True,90.82
7716,1,break_up,-0.556,conflict,True,72.45
7736,-1,break_dn,0.778,partial,True,80.65
7789,1,break_up,-1.0,conflict,True,92.49
7842,-1,break_dn,1.0,full,True,86.82
7897,-1,break_dn,1.0,full,True,80.32
7925,-1,break_dn,1.0,full,True,71.68
7952,-1,break_dn,1.0,full,True,66.39
8017,-1,break_dn,1.0,full,True,66.8
8055,-1,break_dn,1.0,full,True,70.52
8107,-1,break_dn,1.0,full,True,74.63
8145,1,break_up,-1.0,conflict,True,94.6
8173,1,break_up,-1.0,conflict,True,76.25
8191,-1,break_dn,1.0,full,True,90.92
8246,1,break_up,-1.0,conflict,True,82.45
8263,1,break_up,-0.556,conflict,True,68.28
8315,-1,break_dn,0.556,partial,True,76.67
8341,-1,break_dn,0.778,partial,True,81.3
8364,-1,break_dn,0.778,partial,True,75.33
8395,-1,break_dn,1.0,full,True,81.88
8420,1,break_up,-1.0,conflict,True,81.14
8439,-1,break_dn,1.0,full,True,93.7
8496,1,break_up,-1.0,conflict,True,79.29
8513,-1,break_dn,1.0,full,True,75.78
8584,-1,break_dn,1.0,full,True,68.12
8682,1,break_up,-1.0,conflict,True,81.31
8799,1,break_up,-0.556,conflict,True,70.17
8822,1,break_up,-0.556,conflict,True,72.49
8837,1,break_up,-0.556,conflict,True,97.54
8870,1,break_up,-0.556,conflict,True,69.73
8894,1,break_up,-0.556,conflict,True,90.52
8933,1,break_up,0.111,partial,True,72.23
8941,1,break_up,0.111,partial,True,67.98
8998,-1,break_dn,-0.111,conflict,True,74.45
9016,-1,break_dn,-0.111,conflict,True,84.37
9059,-1,break_dn,-0.111,conflict,True,78.13
9079,-1,break_dn,0.333,partial,True,85.23
9131,-1,break_dn,0.333,partial,True,81.37
9192,1,break_up,-0.333,conflict,True,95.36
9210,1,break_up,-0.333,conflict,True,82.02
9227,1,break_up,0.111,partial,True,82.92
9255,1,break_up,0.111,partial,True,74.25
9257,-1,break_dn,-0.111,conflict,True,93.9
9331,-1,break_dn,-0.111,conflict,True,76.56
9358,1,break_up,0.111,partial,True,93.18
9447,1,break_up,0.111,partial,True,92.78
9458,1,break_up,0.111,partial,True,90.77
9509,1,break_up,0.111,partial,True,72.85
9552,-1,break_dn,-0.111,conflict,True,76.81
9577,-1,break_dn,-0.111,conflict,True,80.38
9640,1,break_up,0.111,partial,True,96.52
9671,1,break_up,0.111,partial,True,72.87
9690,-1,break_dn,-0.111,conflict,True,75.77
9713,-1,break_dn,-0.111,conflict,True,84.07
9735,-1,break_dn,0.333,partial,True,78.82
9785,1,break_up,-0.333,conflict,True,89.0
9799,1,break_up,-0.333,conflict,True,78.86
9835,1,break_up,0.111,partial,True,81.78
9879,1,break_up,0.111,partial,True,94.25
9891,1,break_up,0.111,partial,True,79.53
9901,1,break_up,0.111,partial,True,91.13
9904,1,break_up,0.111,partial,True,81.2
9939,-1,break_dn,-0.111,conflict,True,91.4
9975,-1,break_dn,0.333,partial,True,93.18
9996,-1,break_dn,0.333,partial,True,83.86
10032,1,break_up,-0.333,conflict,True,83.64
10073,1,break_up,0.111,partial,True,70.79
10092,1,break_up,0.111,partial,True,85.86
10145,-1,break_dn,-0.111,conflict,True,83.68
10151,-1,break_dn,-0.111,conflict,True,76.18
10285,1,break_up,0.111,partial,True,81.88
10303,-1,break_dn,-0.111,conflict,True,100.0
10372,-1,break_dn,0.111,partial,True,85.07
10392,1,break_up,-0.111,conflict,True,82.9
10424,1,break_up,0.111,partial,True,84.67
10437,1,break_up,0.111,partial,True,73.92
10537,1,break_up,0.111,partial,True,85.13
10566,1,break_up,0.111,partial,True,84.68
10588,1,break_up,0.111,partial,True,82.5
10651,1,break_up,0.111,partial,True,74.92
10693,1,break_up,0.556,partial,True,79.3
10718,1,break_up,0.556,partial,True,72.73
10803,-1,break_dn,-1.0,conflict,True,82.01
10814,-1,break_dn,-1.0,conflict,True,78.26
10862,-1,break_dn,-0.556,conflict,True,78.91
10915,-1,break_dn,-0.556,conflict,True,96.59
11028,-1,break_dn,0.111,partial,True,71.29
11047,-1,break_dn,0.556,partial,True,79.41
11108,-1,break_dn,0.556,partial,True,78.34
11134,-1,break_dn,0.556,partial,True,70.14
11150,-1,break_dn,0.556,partial,True,85.89
11183,1,break_up,-0.556,conflict,True,78.27
11236,1,break_up,-0.111,conflict,True,75.83
11261,-1,break_dn,0.111,partial,True,79.9
11286,1,break_up,-0.111,conflict,True,73.73
11294,1,break_up,-0.111,conflict,True,74.49
11332,1,break_up,-0.556,conflict,True,90.98
11351,1,break_up,-0.556,conflict,True,95.09
11383,-1,break_dn,0.556,partial,True,89.72
11397,1,break_up,-0.556,conflict,True,80.72
11405,-1,break_dn,0.556,partial,True,93.13
11436,-1,break_dn,0.556,partial,True,83.43
11446,-1,break_dn,0.778,partial,True,89.3
11494,-1,break_dn,0.778,partial,True,92.63
11507,-1,break_dn,1.0,full,True,95.43
11529,-1,break_dn,1.0,full,True,96.57
11574,1,break_up,-1.0,conflict,True,87.7
11582,-1,break_dn,1.0,full,True,75.55
11592,-1,break_dn,1.0,full,True,92.36
11625,1,break_up,-1.0,conflict,True,93.37
11649,-1,break_dn,1.0,full,True,87.9
11707,-1,break_dn,1.0,full,True,77.55
11712,-1,break_dn,1.0,full,True,87.37
11753,1,break_up,-1.0,conflict,True,88.98
11803,1,break_up,-1.0,conflict,True,92.84
11823,1,break_up,-1.0,conflict,True,94.25
11825,-1,break_dn,1.0,full,True,77.26
11828,1,break_up,-1.0,conflict,True,93.04
11871,-1,break_dn,0.556,partial,True,83.1
11873,-1,break_dn,0.556,partial,True,76.72
11895,-1,break_dn,1.0,full,True,69.39
11965,1,break_up,-1.0,conflict,True,96.68
11995,1,break_up,-0.778,conflict,True,81.67
12022,1,break_up,-0.556,conflict,True,76.78
12045,1,break_up,-0.556,conflict,True,82.78
12108,-1,break_dn,0.556,partial,True,81.21
12126,-1,break_dn,0.556,partial,True,81.95
12152,-1,break_dn,0.556,partial,True,84.64
12167,1,break_up,-0.556,conflict,True,77.3
12191,1,break_up,-0.556,conflict,True,93.14
12207,1,break_up,-0.556,conflict,True,74.57
12260,1,break_up,-0.222,conflict,True,71.57
12298,1,break_up,0.111,partial,True,70.35
12359,1,break_up,0.111,partial,True,78.58
12412,-1,break_dn,-0.111,conflict,True,76.7
12444,-1,break_dn,-0.111,conflict,True,80.7
12478,-1,break_dn,0.333,partial,True,82.47
12543,1,break_up,-0.333,conflict,True,81.3
12566,1,break_up,-0.333,conflict,True,70.07
12596,1,break_up,-0.333,conflict,True,90.87
12621,-1,break_dn,0.333,partial,True,75.84
12647,1,break_up,-0.333,conflict,True,79.81
12666,-1,break_dn,0.333,partial,True,87.24
12672,-1,break_dn,0.333,partial,True,81.25
12683,1,break_up,-0.333,conflict,True,76.37
12706,1,break_up,0.111,partial,True,69.17
12734,-1,break_dn,-0.111,conflict,True,80.14
12751,-1,break_dn,0.111,partial,True,94.23
12758,-1,break_dn,0.333,partial,True,76.01
12781,-1,break_dn,0.333,partial,True,72.44
12798,-1,break_dn,0.333,partial,True,71.46
12811,1,break_up,-0.333,conflict,True,92.55
12876,1,break_up,0.111,partial,True,88.2
12904,-1,break_dn,-0.111,conflict,True,74.38
12940,-1,break_dn,0.111,partial,True,86.09
12987,-1,break_dn,0.333,partial,True,78.93
13027,-1,break_dn,0.667,partial,True,90.55
13069,-1,break_dn,1.0,full,True,68.53
13075,-1,break_dn,1.0,full,True,85.06
13146,1,break_up,-1.0,conflict,True,83.67
13152,1,break_up,-1.0,conflict,True,91.21
13253,1,break_up,-0.556,conflict,True,72.9
13332,-1,break_dn,0.556,partial,True,83.67
13382,-1,break_dn,0.556,partial,True,90.73
13386,-1,break_dn,0.556,partial,True,93.57
13404,-1,break_dn,1.0,full,True,96.9
13448,-1,break_dn,1.0,full,True,85.02
13471,-1,break_dn,1.0,full,True,84.41
13481,1,break_up,-1.0,conflict,True,80.51
13491,1,break_up,-1.0,conflict,True,82.55
13541,1,break_up,-0.556,conflict,True,70.73
13576,-1,break_dn,0.556,partial,True,79.3
13620,-1,break_dn,0.556,partial,True,90.86
13639,-1,break_dn,1.0,full,True,84.17
13659,1,break_up,-0.556,conflict,True,69.23
13674,1,break_up,-0.556,conflict,True,67.92
13688,-1,break_dn,0.556,partial,True,86.8
13711,1,break_up,-0.556,conflict,True,96.08
13793,-1,break_dn,0.222,partial,True,93.41
13805,-1,break_dn,0.667,partial,True,82.56
13843,-1,break_dn,1.0,full,True,70.42
13864,-1,break_dn,1.0,full,True,69.37
13887,1,break_up,-1.0,conflict,True,90.73
13908,1,break_up,-1.0,conflict,True,84.73
13928,1,break_up,-0.556,conflict,True,71.04
13942,1,break_up,-0.556,conflict,True,80.52
13960,-1,break_dn,0.556,partial,True,93.37
13965,1,break_up,-0.556,conflict,True,88.22
13983,1,break_up,-0.556,conflict,True,93.19
13990,-1,break_dn,0.556,partial,True,84.23
14055,-1,break_dn,1.0,full,True,82.39
14075,-1,break_dn,1.0,full,True,82.05
14083,-1,break_dn,1.0,full,True,66.6
14127,-1,break_dn,1.0,full,True,74.72
14149,-1,break_dn,1.0,full,True,69.32
14179,-1,break_dn,1.0,full,True,72.59
14213,-1,break_dn,1.0,full,True,74.74
14271,-1,break_dn,1.0,full,True,95.12
14275,-1,break_dn,1.0,full,True,95.79
14332,-1,break_dn,1.0,full,True,71.84
14346,-1,break_dn,1.0,full,True,80.79
14388,-1,break_dn,1.0,full,True,77.12
14414,1,break_up,-1.0,conflict,True,90.96
14429,1,break_up,-1.0,conflict,True,82.72
14476,-1,break_dn,1.0,full,True,71.12
14515,-1,break_dn,1.0,full,True,65.6
14552,1,break_up,-1.0,conflict,True,80.36
14572,1,break_up,-0.778,conflict,True,79.11
14647,1,break_up,-0.556,conflict,True,86.1
14722,1,break_up,-0.556,conflict,True,81.43
14772,-1,break_dn,0.556,partial,True,80.08
14839,1,break_up,-1.0,conflict,True,78.99
14847,-1,break_dn,1.0,full,True,79.18
14914,-1,break_dn,1.0,full,True,83.26
14937,-1,break_dn,1.0,full,True,80.5
14987,1,break_up,-1.0,conflict,True,77.45
15020,1,break_up,-1.0,conflict,True,74.16
15041,1,break_up,-0.778,conflict,True,79.28
15113,1,break_up,-0.556,conflict,True,76.84
15144,-1,break_dn,0.222,partial,True,76.56
15178,1,break_up,0.111,partial,True,81.26
15223,1,break_up,0.111,partial,True,67.36
15232,1,break_up,0.111,partial,True,66.61
15253,1,break_up,0.111,partial,True,81.55
15276,1,break_up,0.111,partial,True,83.61
15292,1,break_up,0.111,partial,True,88.29
15320,1,break_up,0.111,partial,True,93.28
15365,1,break_up,0.111,partial,True,84.28
15397,-1,break_dn,-0.111,conflict,True,73.91
15416,1,break_up,0.111,partial,True,85.26
15443,1,break_up,0.111,partial,True,80.39
15503,-1,break_dn,-0.111,conflict,True,83.5
15551,-1,break_dn,0.333,partial,True,67.5
15567,-1,break_dn,0.333,partial,True,95.8
15602,-1,break_dn,0.333,partial,True,84.18
15660,-1,break_dn,0.333,partial,True,78.85
15686,-1,break_dn,0.333,partial,True,77.2
15714,-1,break_dn,1.0,full,True,74.8
15751,-1,break_dn,1.0,full,True,72.31
15755,-1,break_dn,1.0,full,True,92.65
15776,1,break_up,-1.0,conflict,True,81.57
15828,1,break_up,-1.0,conflict,True,87.86
15926,-1,break_dn,0.556,partial,True,95.59
15976,-1,break_dn,1.0,full,True,80.7
16003,1,break_up,-1.0,conflict,True,94.54
16032,1,break_up,-0.778,conflict,True,70.36
16140,1,break_up,-0.556,conflict,True,81.52
16167,1,break_up,-0.556,conflict,True,96.01
16181,1,break_up,-0.556,conflict,True,79.36
16199,1,break_up,-0.222,conflict,True,81.1
16227,1,break_up,0.111,partial,True,70.0
16236,1,break_up,0.111,partial,True,82.37
16265,-1,break_dn,-0.111,conflict,True,88.88
16324,-1,break_dn,0.111,partial,True,81.01
16380,1,break_up,-0.333,conflict,True,95.9
16387,1,break_up,-0.333,conflict,True,78.87
16399,1,break_up,0.111,partial,True,77.03
16456,-1,break_dn,-0.111,conflict,True,86.52
16471,-1,break_dn,0.111,partial,True,76.01
16505,-1,break_dn,0.667,partial,True,71.22
16574,1,break_up,-1.0,conflict,True,90.81
16606,1,break_up,-1.0,conflict,True,97.27
16616,1,break_up,-1.0,conflict,True,97.62
16627,-1,break_dn,1.0,full,True,90.51
16708,1,break_up,-0.556,conflict,True,72.3
16719,1,break_up,-0.556,conflict,True,78.21
16749,1,break_up,-0.556,conflict,True,93.9
16851,1,break_up,0.111,partial,True,91.37
16860,1,break_up,0.111,partial,True,81.15
16883,-1,break_dn,-0.111,conflict,True,81.77
16905,-1,break_dn,-0.111,conflict,True,92.26
16946,1,break_up,0.111,partial,True,95.64
16958,1,break_up,0.111,partial,True,92.25
16980,1,break_up,0.111,partial,True,75.59
17033,-1,break_dn,-0.111,conflict,True,72.32
17088,1,break_up,0.111,partial,True,79.69
17107,1,break_up,0.111,partial,True,95.58
17139,1,break_up,0.111,partial,True,93.44
17149,-1,break_dn,-0.111,conflict,True,84.81
17221,-1,break_dn,0.667,partial,True,87.44
17235,1,break_up,-0.667,conflict,True,93.51
17236,1,break_up,-0.667,conflict,True,93.62
17365,1,break_up,-0.444,conflict,True,84.59
17392,1,break_up,-0.444,conflict,True,79.48
17419,1,break_up,-0.222,conflict,True,82.2
17442,-1,break_dn,-0.111,conflict,True,77.05
17459,-1,break_dn,-0.111,conflict,True,83.06
17496,-1,break_dn,0.111,partial,True,73.96
17536,-1,break_dn,0.667,partial,True,93.21
17564,-1,break_dn,1.0,full,True,79.25
17623,-1,break_dn,1.0,full,True,72.07
17673,-1,break_dn,1.0,full,True,88.21
17676,-1,break_dn,1.0,full,True,73.04
17717,-1,break_dn,1.0,full,True,76.33
17779,1,break_up,-1.0,conflict,True,81.95
17802,-1,break_dn,1.0,full,True,81.43
17817,-1,break_dn,1.0,full,True,86.76
17876,1,break_up,-1.0,conflict,True,76.24
17898,-1,break_dn,1.0,full,True,72.13
17903,-1,break_dn,1.0,full,True,74.26
17968,-1,break_dn,1.0,full,True,78.1
18032,1,break_up,-1.0,conflict,True,75.72
18060,1,break_up,-1.0,conflict,True,72.3
18091,1,break_up,-0.778,conflict,True,79.8
18101,-1,break_dn,0.778,partial,True,76.18
18114,1,break_up,-1.0,conflict,True,90.52
18158,1,break_up,-0.556,conflict,True,87.01
18206,1,break_up,-0.556,conflict,True,95.43
18213,1,break_up,-0.556,conflict,True,92.14
18259,1,break_up,-0.556,conflict,True,72.0
18293,1,break_up,-0.556,conflict,True,83.47
18313,1,break_up,-0.556,conflict,True,72.85
18348,1,break_up,-0.556,conflict,True,76.43
18396,1,break_up,0.111,partial,True,74.29
18447,-1,break_dn,-0.111,conflict,True,81.73
18455,-1,break_dn,-0.111,conflict,True,81.64
18558,1,break_up,0.111,partial,True,87.75
18566,1,break_up,0.111,partial,True,84.94
18603,1,break_up,0.111,partial,True,96.89
18634,1,break_up,0.111,partial,True,73.7
18639,1,break_up,0.111,partial,True,74.39
18653,-1,break_dn,-0.111,conflict,True,80.96
18682,1,break_up,0.111,partial,True,96.21
18723,-1,break_dn,0.111,partial,True,85.77
18743,-1,break_dn,0.333,partial,True,71.7
18784,1,break_up,-0.333,conflict,True,78.09
18817,-1,break_dn,0.111,partial,True,82.52
18837,1,break_up,-0.111,conflict,True,89.96
18849,-1,break_dn,-0.111,conflict,True,83.1
18866,-1,break_dn,0.333,partial,True,82.31
18895,1,break_up,-0.333,conflict,True,72.13
18915,1,break_up,-0.333,conflict,True,89.89
19039,-1,break_dn,-0.111,conflict,True,78.27
19095,-1,break_dn,-0.111,conflict,True,69.38
19116,1,break_up,0.111,partial,True,71.71
19146,1,break_up,0.111,partial,True,64.18
19272,1,break_up,0.111,partial,True,85.32
19353,-1,break_dn,-0.111,conflict,True,79.16
19361,-1,break_dn,-0.111,conflict,True,92.2
19409,-1,break_dn,0.333,partial,True,70.95
19506,-1,break_dn,0.667,partial,True,70.9
19530,1,break_up,-1.0,conflict,True,84.37
19553,1,break_up,-1.0,conflict,True,80.87
19598,-1,break_dn,1.0,full,True,95.5
19643,-1,break_dn,1.0,full,True,77.57
19654,-1,break_dn,1.0,full,True,81.2
19709,1,break_up,-1.0,conflict,True,75.75
19718,1,break_up,-1.0,conflict,True,80.51
19728,1,break_up,-1.0,conflict,True,77.98
19748,1,break_up,-1.0,conflict,True,83.2
19801,-1,break_dn,0.778,partial,True,77.42
19872,1,break_up,-0.556,conflict,True,87.78
19980,1,break_up,-0.556,conflict,True,79.86
20079,-1,break_dn,0.556,partial,True,90.92
20104,-1,break_dn,1.0,full,True,73.71
20116,-1,break_dn,1.0,full,True,80.63
20125,-1,break_dn,1.0,full,True,80.05
20228,1,break_up,-1.0,conflict,True,81.68
20286,-1,break_dn,1.0,full,True,76.18
20299,-1,break_dn,1.0,full,True,89.15
20324,1,break_up,-1.0,conflict,True,80.65
20348,-1,break_dn,1.0,full,True,92.92
20370,1,break_up,-1.0,conflict,True,77.18
20460,-1,break_dn,0.556,partial,True,90.54
20498,-1,break_dn,1.0,full,True,83.18
20565,-1,break_dn,1.0,full,True,74.02
20635,1,break_up,-1.0,conflict,True,92.5
20711,1,break_up,-1.0,conflict,True,77.96
20762,-1,break_dn,0.556,partial,True,82.14
20798,-1,break_dn,1.0,full,True,76.09
20800,1,break_up,-1.0,conflict,True,97.09
20944,-1,break_dn,0.556,partial,True,82.0
20998,-1,break_dn,0.556,partial,True,82.7
21034,-1,break_dn,1.0,full,True,84.94
21041,1,break_up,-1.0,conflict,True,82.64
21061,1,break_up,-0.556,conflict,True,71.5
21122,-1,break_dn,1.0,full,True,83.69
21166,-1,break_dn,1.0,full,True,83.31
21171,-1,break_dn,1.0,full,True,82.09
21206,-1,break_dn,1.0,full,True,96.68
21239,-1,break_dn,1.0,full,True,81.15
21263,-1,break_dn,1.0,full,True,86.67
21299,-1,break_dn,1.0,full,True,85.71
21337,1,break_up,-1.0,conflict,True,90.86
21354,1,break_up,-1.0,conflict,True,79.42
21454,1,break_up,-0.556,conflict,True,86.44
21517,-1,break_dn,-0.111,conflict,True,81.81
21572,1,break_up,0.111,partial,True,76.55
21604,-1,break_dn,-0.111,conflict,True,94.26
21611,-1,break_dn,-0.111,conflict,True,79.55
21612,-1,break_dn,-0.111,conflict,True,76.85
21706,-1,break_dn,0.111,partial,True,82.1
21753,-1,break_dn,0.333,partial,True,78.66
21758,-1,break_dn,0.333,partial,True,97.66
21832,-1,break_dn,0.333,partial,True,90.82
21889,-1,break_dn,0.333,partial,True,70.76
21896,-1,break_dn,0.333,partial,True,75.12
21927,-1,break_dn,0.667,partial,True,82.89
21930,-1,break_dn,0.667,partial,True,78.68
21950,-1,break_dn,0.667,partial,True,79.15
21972,-1,break_dn,1.0,full,True,72.05
22018,-1,break_dn,1.0,full,True,80.48
22052,-1,break_dn,1.0,full,True,77.47
22100,-1,break_dn,1.0,full,True,74.9
22126,1,break_up,-1.0,conflict,True,74.79
22157,-1,break_dn,1.0,full,True,74.62
22209,-1,break_dn,1.0,full,True,75.09
22242,-1,break_dn,1.0,full,True,88.76
22262,1,break_up,-1.0,conflict,True,88.71
22276,1,break_up,-1.0,conflict,True,78.93
22284,-1,break_dn,1.0,full,True,91.29
22321,-1,break_dn,1.0,full,True,80.05
22339,1,break_up,-1.0,conflict,True,75.76
22434,1,break_up,-0.556,conflict,True,68.83
22489,-1,break_dn,0.556,partial,True,90.36
22504,-1,break_dn,0.222,partial,True,82.32
22530,-1,break_dn,0.222,partial,True,92.92
22579,-1,break_dn,0.222,partial,True,83.09
22598,-1,break_dn,0.444,partial,True,82.24
22620,-1,break_dn,0.667,partial,True,96.68
22636,-1,break_dn,0.667,partial,True,84.45
22667,-1,break_dn,0.667,partial,True,84.91
22743,-1,break_dn,1.0,full,True,73.76
22752,-1,break_dn,1.0,full,True,80.14
22794,1,break_up,-1.0,conflict,True,81.37
22825,1,break_up,-1.0,conflict,True,82.59
22913,1,break_up,-0.222,conflict,True,73.54
22949,-1,break_dn,0.222,partial,True,94.0
22979,1,break_up,-0.222,conflict,True,74.01
23000,1,break_up,0.111,partial,True,84.65
23036,-1,break_dn,-0.111,conflict,True,90.44
23060,-1,break_dn,-0.111,conflict,True,97.07
23097,-1,break_dn,0.111,partial,True,88.11
23144,-1,break_dn,0.667,partial,True,72.74
23186,1,break_up,-1.0,conflict,True,81.6
23204,1,break_up,-1.0,conflict,True,83.5
23272,1,break_up,-1.0,conflict,True,71.56
23298,-1,break_dn,0.778,partial,True,81.6
23363,1,break_up,-1.0,conflict,True,76.83
23387,1,break_up,-1.0,conflict,True,93.77
23417,1,break_up,-0.556,conflict,True,93.71
23456,1,break_up,-0.556,conflict,True,89.64
23460,1,break_up,-0.556,conflict,True,94.44
23484,-1,break_dn,0.556,partial,True,72.17
23496,1,break_up,-0.556,conflict,True,93.9
23535,1,break_up,-0.556,conflict,True,82.71
23540,1,break_up,-0.556,conflict,True,82.97
23560,1,break_up,-0.222,conflict,True,88.2
23607,-1,break_dn,-0.111,conflict,True,96.02
23663,-1,break_dn,0.667,partial,True,79.13
23684,-1,break_dn,1.0,full,True,77.81
23739,1,break_up,-1.0,conflict,True,85.83
23753,-1,break_dn,1.0,full,True,89.96
23770,-1,break_dn,1.0,full,True,82.84
23775,-1,break_dn,1.0,full,True,86.41
23819,1,break_up,-1.0,conflict,True,83.83
23861,-1,break_dn,0.778,partial,True,97.23
23896,-1,break_dn,1.0,full,True,97.64
23926,-1,break_dn,1.0,full,True,79.64
23980,1,break_up,-1.0,conflict,True,89.06
24012,-1,break_dn,1.0,full,True,97.04
24047,-1,break_dn,1.0,full,True,75.82
24115,1,break_up,-1.0,conflict,True,87.44
24136,1,break_up,-1.0,conflict,True,87.66
24189,-1,break_dn,1.0,full,True,90.56
24208,-1,break_dn,1.0,full,True,96.04
24221,1,break_up,-0.778,conflict,True,71.0
24240,1,break_up,-0.556,conflict,True,72.25
24267,-1,break_dn,0.556,partial,True,94.17
24372,1,break_up,-0.556,conflict,True,72.74
24405,-1,break_dn,0.556,partial,True,85.78
24520,1,break_up,-0.556,conflict,True,83.02
24547,1,break_up,-0.556,conflict,True,94.5
24576,-1,break_dn,0.556,partial,True,88.07
24714,-1,break_dn,0.222,partial,True,74.34
24738,-1,break_dn,0.222,partial,True,78.68
24813,-1,break_dn,1.0,full,True,93.42
24824,-1,break_dn,1.0,full,True,80.7
24855,-1,break_dn,1.0,full,True,70.89
24871,-1,break_dn,1.0,full,True,77.05
24881,-1,break_dn,1.0,full,True,97.75
24902,-1,break_dn,1.0,full,True,75.58
24911,-1,break_dn,1.0,full,True,84.73
24957,1,break_up,-1.0,conflict,True,70.78
24964,1,break_up,-1.0,conflict,True,74.12
24982,-1,break_dn,1.0,full,True,97.58
25001,-1,break_dn,1.0,full,True,76.0
25029,1,break_up,-1.0,conflict,True,79.74
25100,-1,break_dn,1.0,full,True,75.29
25129,-1,break_dn,1.0,full,True,76.78
25211,1,break_up,-1.0,conflict,True,77.04
25221,1,break_up,-1.0,conflict,True,75.71
25258,-1,break_dn,0.556,partial,True,88.22
25284,1,break_up,-0.556,conflict,True,72.38
25314,1,break_up,-0.556,conflict,True,93.84
25384,1,break_up,0.111,partial,True,87.82
25406,-1,break_dn,-0.111,conflict,True,94.11
25421,1,break_up,0.111,partial,True,94.44
25442,1,break_up,0.111,partial,True,65.78
25501,1,break_up,0.111,partial,True,88.05
25562,1,break_up,0.111,partial,True,86.37
25611,-1,break_dn,-0.111,conflict,True,79.25
25640,-1,break_dn,0.333,partial,True,80.58
25739,1,break_up,-0.333,conflict,True,91.23
25745,1,break_up,-0.333,conflict,True,88.11
25851,-1,break_dn,0.333,partial,True,81.67
25856,-1,break_dn,0.333,partial,True,83.09
25861,-1,break_dn,0.333,partial,True,80.74
25874,-1,break_dn,0.333,partial,True,92.01
25916,1,break_up,-0.333,conflict,True,98.35
25920,1,break_up,-0.333,conflict,True,82.45
25948,-1,break_dn,0.333,partial,True,80.27
25990,-1,break_dn,0.333,partial,True,88.35
26035,1,break_up,-0.333,conflict,True,92.75
26121,-1,break_dn,-0.111,conflict,True,74.48
26126,-1,break_dn,-0.111,conflict,True,75.43
26180,-1,break_dn,0.333,partial,True,75.63
26319,1,break_up,-1.0,conflict,True,85.77
26334,1,break_up,-1.0,conflict,True,83.23
26362,1,break_up,-1.0,conflict,True,76.66
26400,1,break_up,-0.556,conflict,True,90.72
26428,-1,break_dn,0.556,partial,True,96.03
26449,1,break_up,-0.222,conflict,True,84.55
26467,1,break_up,-0.222,conflict,True,70.49
26484,-1,break_dn,0.222,partial,True,91.13
26557,-1,break_dn,0.222,partial,True,83.5
26584,-1,break_dn,0.667,partial,True,82.02
26613,1,break_up,-0.667,conflict,True,86.98
26645,1,break_up,-0.667,conflict,True,91.71
26652,1,break_up,-0.222,conflict,True,90.97
26681,1,break_up,0.111,partial,True,83.05
26693,1,break_up,0.111,partial,True,71.19
26747,1,break_up,0.111,partial,True,85.37
26774,-1,break_dn,-0.111,conflict,True,81.83
26825,1,break_up,0.111,partial,True,79.45
26829,1,break_up,0.111,partial,True,80.9
26930,1,break_up,0.111,partial,True,76.69
26941,1,break_up,0.111,partial,True,86.69
26956,1,break_up,0.111,partial,True,87.33
26977,1,break_up,0.111,partial,True,69.62
27002,1,break_up,0.111,partial,True,82.76
27034,1,break_up,0.111,partial,True,87.43
27042,1,break_up,0.111,partial,True,85.58
27109,1,break_up,0.556,partial,True,80.68
27189,1,break_up,1.0,full,True,78.88
27204,1,break_up,1.0,full,True,84.52
27255,1,break_up,1.0,full,True,79.13
27272,1,break_up,1.0,full,True,70.84
27320,1,break_up,1.0,full,True,92.36
27340,-1,break_dn,-1.0,conflict,True,79.36
27401,1,break_up,1.0,full,True,75.07
27448,-1,break_dn,-0.778,conflict,True,82.91
27492,-1,break_dn,-0.556,conflict,True,80.93
27595,-1,break_dn,-0.556,conflict,True,74.08
27646,-1,break_dn,-0.556,conflict,True,92.09
27712,1,break_up,-0.111,conflict,True,89.51
27721,1,break_up,-0.111,conflict,True,95.68
27783,1,break_up,0.333,partial,True,92.83
27804,1,break_up,0.667,partial,True,66.6
27840,-1,break_dn,-0.667,conflict,True,57.47
27933,1,break_up,1.0,full,True,69.91
27942,1,break_up,1.0,full,True,79.33
27944,1,break_up,1.0,full,True,95.72
27998,1,break_up,1.0,full,True,85.05
28012,1,break_up,1.0,full,True,71.83
28064,1,break_up,1.0,full,True,63.83
28093,1,break_up,1.0,full,True,87.13
28106,-1,break_dn,-1.0,conflict,True,77.55
28191,-1,break_dn,-1.0,conflict,True,80.27
28213,-1,break_dn,-0.778,conflict,True,96.05
28242,-1,break_dn,-0.556,conflict,True,90.45
28251,-1,break_dn,-0.556,conflict,True,91.41
28264,-1,break_dn,-0.556,conflict,True,96.96
28283,-1,break_dn,-0.556,conflict,True,82.42
28319,-1,break_dn,-0.556,conflict,True,72.07
28336,1,break_up,0.556,partial,True,81.29
28380,-1,break_dn,-0.778,conflict,True,97.56
28406,-1,break_dn,-0.556,conflict,True,90.82
28427,-1,break_dn,-0.556,conflict,True,94.32
28460,1,break_up,0.556,partial,True,81.23
28519,1,break_up,0.222,partial,True,74.11
28531,1,break_up,0.222,partial,True,81.36
28564,1,break_up,1.0,full,True,79.99
28571,1,break_up,1.0,full,True,93.8
28619,1,break_up,1.0,full,True,97.05
28679,1,break_up,1.0,full,True,90.18
28722,-1,break_dn,-1.0,conflict,True,94.26
28776,1,break_up,1.0,full,True,74.9
28815,1,break_up,1.0,full,True,83.35
28878,1,break_up,1.0,full,True,94.0
28981,-1,break_dn,-1.0,conflict,True,91.16
29026,1,break_up,1.0,full,True,95.23
29034,1,break_up,1.0,full,True,96.76
29061,1,break_up,1.0,full,True,74.47
29082,1,break_up,1.0,full,True,70.93
29121,1,break_up,1.0,full,True,83.81
29147,1,break_up,1.0,full,True,72.53
29165,1,break_up,1.0,full,True,79.63
29183,1,break_up,1.0,full,True,94.81
29207,1,break_up,1.0,full,True,72.36
29216,1,break_up,1.0,full,True,77.74
29226,1,break_up,1.0,full,True,83.98
29269,1,break_up,1.0,full,True,72.7
29339,1,break_up,1.0,full,True,75.41
29372,1,break_up,1.0,full,True,91.45
29385,1,break_up,1.0,full,True,78.93
29444,-1,break_dn,-1.0,conflict,True,85.31
29449,-1,break_dn,-1.0,conflict,True,94.24
29497,1,break_up,1.0,full,True,74.1
29563,-1,break_dn,-0.556,conflict,True,96.78
29595,1,break_up,0.556,partial,True,97.87
29696,1,break_up,1.0,full,True,96.33
29760,1,break_up,1.0,full,True,82.28
29871,1,break_up,1.0,full,True,83.87
29897,1,break_up,1.0,full,True,95.91
29914,-1,break_dn,-1.0,conflict,True,94.0
30009,1,break_up,1.0,full,True,96.48
30025,1,break_up,1.0,full,True,94.93
30038,-1,break_dn,-1.0,conflict,True,68.39
30052,-1,break_dn,-0.556,conflict,True,71.28
30111,1,break_up,0.556,partial,True,75.97
30136,-1,break_dn,-0.778,conflict,True,73.57
30175,-1,break_dn,-0.556,conflict,True,94.96
30188,-1,break_dn,-0.556,conflict,True,74.07
30240,-1,break_dn,-0.556,conflict,True,64.57
30352,1,break_up,0.556,partial,True,83.74
30387,-1,break_dn,-0.556,conflict,True,81.88
30388,-1,break_dn,-0.556,conflict,True,82.33
30441,-1,break_dn,-0.556,conflict,True,77.01
30481,1,break_up,0.222,partial,True,82.0
30525,1,break_up,0.444,partial,True,75.27
30568,1,break_up,1.0,full,True,97.21
30589,1,break_up,1.0,full,True,71.77
30609,1,break_up,1.0,full,True,90.39
30632,1,break_up,1.0,full,True,70.59
30638,1,break_up,1.0,full,True,77.28
30667,1,break_up,1.0,full,True,71.57
30711,1,break_up,1.0,full,True,72.43
30791,1,break_up,1.0,full,True,99.03
30853,1,break_up,1.0,full,True,81.83
30899,1,break_up,1.0,full,True,72.62
30926,1,break_up,1.0,full,True,70.85
30961,1,break_up,1.0,full,True,65.9
30972,1,break_up,1.0,full,True,77.87
31014,1,break_up,1.0,full,True,87.12
31032,-1,break_dn,-1.0,conflict,True,83.86
31045,1,break_up,1.0,full,True,85.63
31059,1,break_up,1.0,full,True,86.74
31079,-1,break_dn,-1.0,conflict,True,87.67
31151,-1,break_dn,-1.0,conflict,True,84.55
31200,1,break_up,1.0,full,True,69.92
31225,-1,break_dn,-1.0,conflict,True,93.31
31256,-1,break_dn,-1.0,conflict,True,74.01
31266,-1,break_dn,-0.778,conflict,True,73.51
31267,-1,break_dn,-0.556,conflict,True,69.89
31342,1,break_up,0.556,partial,True,77.61
31386,-1,break_dn,-0.556,conflict,True,72.42
31408,-1,break_dn,-0.556,conflict,True,83.59
31453,1,break_up,0.556,partial,True,75.41
31461,-1,break_dn,-0.556,conflict,True,87.64
31493,1,break_up,0.556,partial,True,89.63
31512,-1,break_dn,-0.222,conflict,True,76.33
31528,-1,break_dn,-0.222,conflict,True,97.04
31570,-1,break_dn,0.111,partial,True,71.3
31619,1,break_up,-0.111,conflict,True,75.03
31636,1,break_up,-0.111,conflict,True,77.54
31663,1,break_up,-0.111,conflict,True,69.3
31722,-1,break_dn,-0.111,conflict,True,92.64
31737,-1,break_dn,0.111,partial,True,83.13
31786,-1,break_dn,0.111,partial,True,92.48
31798,1,break_up,-0.111,conflict,True,76.69
31825,-1,break_dn,0.111,partial,True,89.34
31842,-1,break_dn,0.111,partial,True,85.93
31852,-1,break_dn,0.111,partial,True,73.28
31883,-1,break_dn,0.111,partial,True,96.26
31963,-1,break_dn,0.111,partial,True,88.85
31980,-1,break_dn,0.111,partial,True,83.7
32009,-1,break_dn,0.111,partial,True,84.07
32106,1,break_up,-0.111,conflict,True,94.0
32144,-1,break_dn,0.111,partial,True,76.35
32178,-1,break_dn,0.111,partial,True,87.17
32203,-1,break_dn,0.111,partial,True,77.85
32294,1,break_up,-0.111,conflict,True,81.26
32365,-1,break_dn,0.111,partial,True,84.8
32420,1,break_up,-0.111,conflict,True,72.83
32453,-1,break_dn,0.111,partial,True,73.89
32468,-1,break_dn,0.111,partial,True,94.76
32507,1,break_up,-0.111,conflict,True,86.9
32527,1,break_up,-0.111,conflict,True,95.31
32543,-1,break_dn,0.111,partial,True,96.48
32593,-1,break_dn,0.111,partial,True,81.8
32654,-1,break_dn,0.111,partial,True,73.45
32668,-1,break_dn,0.111,partial,True,81.98
32742,1,break_up,0.333,partial,True,89.52
32753,1,break_up,0.333,partial,True,92.61
32806,1,break_up,0.333,partial,True,87.15
32820,1,break_up,0.333,partial,True,80.51
32847,1,break_up,0.333,partial,True,73.59
32866,1,break_up,0.333,partial,True,67.01
32886,1,break_up,0.333,partial,True,70.83
32928,-1,break_dn,-1.0,conflict,True,96.45
33013,1,break_up,1.0,full,True,72.14
33038,1,break_up,1.0,full,True,84.67
33045,-1,break_dn,-1.0,conflict,True,87.93
33058,-1,break_dn,-1.0,conflict,True,70.56
33091,1,break_up,1.0,full,True,98.69
33095,1,break_up,1.0,full,True,74.79
33212,-1,break_dn,-1.0,conflict,True,69.12
33243,1,break_up,1.0,full,True,74.32
33268,1,break_up,1.0,full,True,83.2
33321,1,break_up,1.0,full,True,87.45
33348,1,break_up,1.0,full,True,93.2
33378,-1,break_dn,-1.0,conflict,True,90.24
33428,1,break_up,0.778,partial,True,92.04
33457,-1,break_dn,-1.0,conflict,True,82.91
33493,-1,break_dn,-0.556,conflict,True,97.19
33543,1,break_up,0.556,partial,True,92.08
33560,1,break_up,0.556,partial,True,95.54
33566,-1,break_dn,-0.556,conflict,True,66.78
33695,1,break_up,0.222,partial,True,85.92
33704,1,break_up,0.222,partial,True,85.69
33739,1,break_up,0.222,partial,True,96.58
33749,-1,break_dn,0.111,partial,True,71.69
33790,-1,break_dn,0.111,partial,True,71.44
33815,1,break_up,-0.111,conflict,True,93.24
33854,1,break_up,-0.111,conflict,True,70.76
33965,-1,break_dn,-1.0,conflict,True,92.94
34021,-1,break_dn,-1.0,conflict,True,91.73
34068,-1,break_dn,-1.0,conflict,True,67.37
34080,-1,break_dn,-1.0,conflict,True,84.23
34189,1,break_up,0.556,partial,True,89.35
34192,-1,break_dn,-0.556,conflict,True,73.31
34211,-1,break_dn,-0.556,conflict,True,71.52
34315,1,break_up,0.222,partial,True,85.1
34340,-1,break_dn,-0.222,conflict,True,91.66
34395,1,break_up,0.667,partial,True,69.56
34434,-1,break_dn,0.111,partial,True,84.75
34563,1,break_up,-0.111,conflict,True,72.81
34652,-1,break_dn,0.111,partial,True,91.35
34694,-1,break_dn,0.111,partial,True,90.35
34708,1,break_up,-0.111,conflict,True,75.47
34721,1,break_up,-0.111,conflict,True,97.55
34764,-1,break_dn,0.111,partial,True,71.02
34768,-1,break_dn,0.111,partial,True,82.81
34789,1,break_up,-0.111,conflict,True,95.62
34816,1,break_up,0.333,partial,True,80.63
34826,1,break_up,0.333,partial,True,79.88
34908,1,break_up,0.667,partial,True,67.18
34950,1,break_up,1.0,full,True,71.84
35003,1,break_up,1.0,full,True,77.92
35006,1,break_up,1.0,full,True,71.81
35040,-1,break_dn,-1.0,conflict,True,67.37
35140,-1,break_dn,-0.556,conflict,True,74.66
35150,-1,break_dn,-0.556,conflict,True,78.97
35258,1,break_up,0.556,partial,True,81.2
35315,-1,break_dn,-1.0,conflict,True,84.71
35357,1,break_up,1.0,full,True,74.16
35389,1,break_up,1.0,full,True,78.32
35475,-1,break_dn,-1.0,conflict,True,75.85
35515,-1,break_dn,-0.556,conflict,True,69.75
35520,-1,break_dn,-0.556,conflict,True,84.04
35550,-1,break_dn,-0.556,conflict,True,84.2
35567,-1,break_dn,-0.556,conflict,True,95.45
35577,-1,break_dn,-0.556,conflict,True,94.84
35616,-1,break_dn,-0.556,conflict,True,83.89
35657,1,break_up,0.556,partial,True,78.02
35697,1,break_up,0.222,partial,True,90.38
35770,-1,break_dn,-0.222,conflict,True,81.63
35836,1,break_up,0.667,partial,True,69.61
35844,-1,break_dn,-0.667,conflict,True,92.33
35872,1,break_up,0.667,partial,True,69.34
35886,-1,break_dn,-0.667,conflict,True,77.22
35949,1,break_up,-0.111,conflict,True,77.8
36012,1,break_up,0.667,partial,True,80.48
36048,-1,break_dn,-1.0,conflict,True,84.44
36067,1,break_up,1.0,full,True,64.37
36145,1,break_up,1.0,full,True,96.83
36193,-1,break_dn,-1.0,conflict,True,81.37
36207,1,break_up,1.0,full,True,83.65
36229,1,break_up,1.0,full,True,72.51
36231,-1,break_dn,-1.0,conflict,True,79.09
36232,-1,break_dn,-1.0,conflict,True,79.63
36324,1,break_up,1.0,full,True,79.36
36339,1,break_up,1.0,full,True,71.6
36358,-1,break_dn,-1.0,conflict,True,76.48
36419,-1,break_dn,-0.778,conflict,True,83.69
36451,1,break_up,0.556,partial,True,74.66
36468,-1,break_dn,-0.556,conflict,True,82.16
36494,-1,break_dn,-0.556,conflict,True,93.41
36499,-1,break_dn,-0.556,conflict,True,76.24
36500,-1,break_dn,-0.556,conflict,True,80.34
36544,1,break_up,0.556,partial,True,86.42
36607,1,break_up,1.0,full,True,89.47
36633,1,break_up,1.0,full,True,97.73
36639,1,break_up,1.0,full,True,58.71
36721,1,break_up,1.0,full,True,95.24
36724,1,break_up,1.0,full,True,87.21
36752,1,break_up,1.0,full,True,83.18
36828,-1,break_dn,-1.0,conflict,True,81.16
36852,-1,break_dn,-1.0,conflict,True,70.11
36893,-1,break_dn,-1.0,conflict,True,81.65
36902,-1,break_dn,-1.0,conflict,True,79.33
36945,1,break_up,0.556,partial,True,82.23
36975,-1,break_dn,-0.556,conflict,True,81.6
37033,-1,break_dn,-0.556,conflict,True,89.94
37125,-1,break_dn,-0.556,conflict,True,78.95
37197,-1,break_dn,-0.556,conflict,True,79.0
37258,1,break_up,1.0,full,True,94.65
37272,1,break_up,1.0,full,True,80.35
37287,1,break_up,1.0,full,True,88.63
37292,1,break_up,1.0,full,True,69.91
37318,1,break_up,1.0,full,True,83.89
37400,-1,break_dn,-1.0,conflict,True,74.05
37424,-1,break_dn,-1.0,conflict,True,79.87
37428,-1,break_dn,-1.0,conflict,True,70.04
37477,-1,break_dn,-0.556,conflict,True,71.56
37483,-1,break_dn,-0.556,conflict,True,79.88
37591,-1,break_dn,-0.556,conflict,True,76.88
37604,-1,break_dn,-0.556,conflict,True,79.24
37631,-1,break_dn,-0.556,conflict,True,71.98
37735,-1,break_dn,0.111,partial,True,75.15
37744,-1,break_dn,0.111,partial,True,89.07
37760,-1,break_dn,0.111,partial,True,77.02
37790,-1,break_dn,0.111,partial,True,75.75
37814,-1,break_dn,0.111,partial,True,70.76
37855,1,break_up,-0.111,conflict,True,79.96
37891,1,break_up,-0.111,conflict,True,78.87
38031,1,break_up,0.333,partial,True,82.61
38098,1,break_up,0.333,partial,True,79.53
38172,-1,break_dn,-0.333,conflict,True,79.49
38222,-1,break_dn,0.111,partial,True,74.93
38236,-1,break_dn,0.111,partial,True,72.51
38268,1,break_up,-0.111,conflict,True,95.39
38299,-1,break_dn,0.111,partial,True,88.04
38359,1,break_up,-0.111,conflict,True,83.98
38396,-1,break_dn,-0.333,conflict,True,95.41
38407,-1,break_dn,-0.111,conflict,True,74.18
38458,-1,break_dn,0.111,partial,True,75.61
38464,-1,break_dn,0.111,partial,True,78.1
38485,-1,break_dn,0.111,partial,True,68.62
38522,-1,break_dn,0.111,partial,True,74.19
38565,1,break_up,-0.111,conflict,True,74.6
38653,1,break_up,0.333,partial,True,82.29
38685,1,break_up,0.333,partial,True,83.13
38721,-1,break_dn,-0.333,conflict,True,77.11
38725,-1,break_dn,-0.333,conflict,True,80.72
38794,-1,break_dn,-0.333,conflict,True,86.33
38805,1,break_up,0.333,partial,True,80.51
38831,1,break_up,0.667,partial,True,87.46
38880,1,break_up,1.0,full,True,85.25
38949,-1,break_dn,-1.0,conflict,True,70.78
39014,-1,break_dn,-0.556,conflict,True,85.01
39039,-1,break_dn,-0.556,conflict,True,76.88
39076,-1,break_dn,-0.222,conflict,True,81.33
39115,1,break_up,-0.111,conflict,True,77.84
39181,-1,break_dn,0.111,partial,True,79.48
39230,-1,break_dn,0.111,partial,True,73.64
39240,-1,break_dn,0.111,partial,True,78.59
39320,1,break_up,-0.111,conflict,True,83.36
39343,1,break_up,-0.111,conflict,True,90.85
39411,-1,break_dn,0.111,partial,True,70.69
39429,-1,break_dn,0.111,partial,True,90.43
39542,-1,break_dn,0.111,partial,True,66.1
39597,1,break_up,-0.556,conflict,True,80.23
39613,-1,break_dn,0.556,partial,True,74.46
39646,1,break_up,-0.333,conflict,True,69.84
39714,1,break_up,-0.111,conflict,True,71.24
39806,1,break_up,-0.111,conflict,True,69.22
39918,1,break_up,0.556,partial,True,89.36
40002,1,break_up,1.0,full,True,80.08
40043,1,break_up,1.0,full,True,70.92
40069,1,break_up,1.0,full,True,76.95
40111,-1,break_dn,-1.0,conflict,True,90.93
40190,1,break_up,0.556,partial,True,91.39
40238,1,break_up,0.556,partial,True,82.86
40262,-1,break_dn,-0.556,conflict,True,80.02
40264,-1,break_dn,-0.556,conflict,True,80.19
40306,-1,break_dn,-0.556,conflict,True,79.41
40332,-1,break_dn,-0.556,conflict,True,67.56
40384,-1,break_dn,0.111,partial,True,86.34
40486,1,break_up,-0.556,conflict,True,77.85
40537,1,break_up,-0.556,conflict,True,91.28
40584,1,break_up,-0.111,conflict,True,81.77
40614,1,break_up,-0.111,conflict,True,73.55
40690,-1,break_dn,0.111,partial,True,76.54
40746,-1,break_dn,0.333,partial,True,85.91
40771,1,break_up,-0.333,conflict,True,96.33
40800,1,break_up,-0.111,conflict,True,75.25
40814,1,break_up,-0.111,conflict,True,80.97
40835,1,break_up,-0.111,conflict,True,89.09
40848,1,break_up,-0.111,conflict,True,72.82
40946,-1,break_dn,0.333,partial,True,72.66
40958,-1,break_dn,0.556,partial,True,81.22
41004,1,break_up,-0.556,conflict,True,95.41
41048,1,break_up,-0.333,conflict,True,83.21
41092,1,break_up,0.222,partial,True,67.71
41127,1,break_up,0.556,partial,True,91.0
41174,-1,break_dn,-0.556,conflict,True,82.02
41229,1,break_up,0.556,partial,True,93.27
41240,1,break_up,0.556,partial,True,88.47
41248,1,break_up,0.556,partial,True,76.15
41259,-1,break_dn,-0.556,conflict,True,84.11
41372,1,break_up,0.111,partial,True,80.63
41398,-1,break_dn,-0.111,conflict,True,76.38
41410,-1,break_dn,-0.111,conflict,True,82.67
41416,-1,break_dn,-0.111,conflict,True,94.74
41437,-1,break_dn,-0.111,conflict,True,82.77
41445,-1,break_dn,0.222,partial,True,78.45
41483,1,break_up,0.556,partial,True,82.52
41506,1,break_up,0.556,partial,True,96.94
41512,1,break_up,0.556,partial,True,82.62
41559,-1,break_dn,-0.556,conflict,True,82.48
41585,-1,break_dn,-0.556,conflict,True,81.97
41605,-1,break_dn,-0.333,conflict,True,77.95
41618,-1,break_dn,-0.333,conflict,True,87.22
41652,-1,break_dn,-0.111,conflict,True,86.02
41680,-1,break_dn,-0.111,conflict,True,82.94
41721,-1,break_dn,-0.111,conflict,True,71.76
41729,-1,break_dn,-0.111,conflict,True,83.51
41800,1,break_up,-0.556,conflict,True,72.13
41850,1,break_up,-0.556,conflict,True,83.42
41869,-1,break_dn,0.556,partial,True,78.24
41879,-1,break_dn,0.556,partial,True,72.04
41915,1,break_up,-0.111,conflict,True,80.81
41943,1,break_up,0.222,partial,True,80.67
41988,1,break_up,0.556,partial,True,75.91
42021,1,break_up,0.556,partial,True,79.45
42059,-1,break_dn,-0.556,conflict,True,80.44
42063,-1,break_dn,-0.556,conflict,True,90.67
42084,-1,break_dn,-0.556,conflict,True,79.77
42112,-1,break_dn,-0.111,conflict,True,78.56
42121,-1,break_dn,-0.111,conflict,True,90.44
42179,1,break_up,-0.222,conflict,True,78.62
42219,1,break_up,-0.222,conflict,True,90.9
42252,1,break_up,-0.222,conflict,True,85.61
42388,1,break_up,0.556,partial,True,77.35
42444,-1,break_dn,0.556,partial,True,76.47
42465,-1,break_dn,0.556,partial,True,69.79
42468,-1,break_dn,0.556,partial,True,85.64
42492,-1,break_dn,0.556,partial,True,79.73
42512,-1,break_dn,0.556,partial,True,75.27
42546,-1,break_dn,0.556,partial,True,71.37
42590,1,break_up,-0.556,conflict,True,89.4
42688,1,break_up,-0.111,conflict,True,77.58
42732,1,break_up,-0.111,conflict,True,84.3
42756,-1,break_dn,0.111,partial,True,71.32
42772,-1,break_dn,0.111,partial,True,88.19
42780,-1,break_dn,0.111,partial,True,82.29
42798,-1,break_dn,0.556,partial,True,82.17
42843,1,break_up,-1.0,conflict,True,80.79
42879,-1,break_dn,1.0,full,True,92.29
42940,1,break_up,-1.0,conflict,True,81.51
42998,1,break_up,-0.778,conflict,True,81.16
43097,1,break_up,-0.222,conflict,True,92.99
43117,1,break_up,0.556,partial,True,77.65
43140,1,break_up,0.556,partial,True,93.61
43168,1,break_up,0.556,partial,True,73.24
43245,1,break_up,0.556,partial,True,80.37
43357,1,break_up,1.0,full,True,95.26
43407,1,break_up,1.0,full,True,78.02
43433,-1,break_dn,-1.0,conflict,True,71.48
43460,1,break_up,1.0,full,True,87.62
43559,-1,break_dn,-1.0,conflict,True,75.75
43633,-1,break_dn,-0.556,conflict,True,97.33
43646,-1,break_dn,-0.556,conflict,True,92.72
43721,1,break_up,0.556,partial,True,90.72
43790,-1,break_dn,-0.556,conflict,True,84.52
43802,1,break_up,0.556,partial,True,83.45
43816,1,break_up,0.556,partial,True,81.49
43831,1,break_up,0.556,partial,True,82.95
43862,1,break_up,1.0,full,True,72.01
43900,1,break_up,1.0,full,True,82.02
43932,-1,break_dn,-1.0,conflict,True,85.14
43968,-1,break_dn,-1.0,conflict,True,70.68
44008,-1,break_dn,-1.0,conflict,True,96.19
44032,1,break_up,1.0,full,True,75.16
44045,1,break_up,1.0,full,True,91.88
44095,1,break_up,1.0,full,True,81.46
44137,1,break_up,1.0,full,True,84.04
44186,1,break_up,1.0,full,True,65.3
44222,1,break_up,1.0,full,True,84.52
44318,1,break_up,1.0,full,True,87.22
44452,-1,break_dn,-1.0,conflict,True,84.54
44514,1,break_up,1.0,full,True,79.2
44574,1,break_up,1.0,full,True,91.05
44579,1,break_up,1.0,full,True,64.69
44591,1,break_up,1.0,full,True,79.74
44627,1,break_up,1.0,full,True,71.13
44640,1,break_up,1.0,full,True,81.45
44751,-1,break_dn,-1.0,conflict,True,72.52
44824,1,break_up,1.0,full,True,91.64
44840,1,break_up,1.0,full,True,79.81
44892,-1,break_dn,-1.0,conflict,True,75.53
44934,1,break_up,1.0,full,True,94.81
44956,-1,break_dn,-1.0,conflict,True,83.04
45093,-1,break_dn,-0.556,conflict,True,76.2
45156,-1,break_dn,-0.556,conflict,True,94.49
45181,1,break_up,0.556,partial,True,86.82
45239,1,break_up,0.556,partial,True,77.78
45258,1,break_up,1.0,full,True,79.98
45277,1,break_up,1.0,full,True,92.97
45360,-1,break_dn,-1.0,conflict,True,76.08
45377,-1,break_dn,-0.556,conflict,True,73.41
45440,-1,break_dn,-0.556,conflict,True,82.99
45476,-1,break_dn,-0.556,conflict,True,92.02
45512,1,break_up,0.222,partial,True,91.78
45528,1,break_up,0.222,partial,True,82.58
45548,1,break_up,0.222,partial,True,89.77
45562,1,break_up,0.222,partial,True,80.97
45611,1,break_up,0.667,partial,True,73.05
45627,1,break_up,1.0,full,True,80.35
45655,1,break_up,1.0,full,True,69.94
45672,1,break_up,1.0,full,True,80.08
45715,-1,break_dn,-1.0,conflict,True,76.81
45743,-1,break_dn,-0.556,conflict,True,92.44
45783,1,break_up,0.556,partial,True,92.38
45850,-1,break_dn,-0.556,conflict,True,84.05
45898,1,break_up,1.0,full,True,96.59
45941,-1,break_dn,-1.0,conflict,True,88.51
45978,-1,break_dn,-0.556,conflict,True,69.45
46000,-1,break_dn,-0.556,conflict,True,76.9
46036,1,break_up,0.222,partial,True,76.24
46057,-1,break_dn,-0.222,conflict,True,95.7
46102,1,break_up,-0.111,conflict,True,79.34
46172,-1,break_dn,0.111,partial,True,70.88
46184,-1,break_dn,0.111,partial,True,80.83
46189,-1,break_dn,0.111,partial,True,82.96
46204,-1,break_dn,0.111,partial,True,78.6
46243,-1,break_dn,0.111,partial,True,73.84
46308,1,break_up,-0.111,conflict,True,66.1
46329,1,break_up,-0.111,conflict,True,81.75
46334,1,break_up,-0.111,conflict,True,73.55
46339,1,break_up,0.111,partial,True,81.09
46446,1,break_up,0.333,partial,True,73.38
46475,1,break_up,0.667,partial,True,76.91
46521,-1,break_dn,-1.0,conflict,True,81.07
46591,-1,break_dn,-1.0,conflict,True,84.86
46649,1,break_up,1.0,full,True,78.46
46670,1,break_up,1.0,full,True,76.92
46714,1,break_up,1.0,full,True,73.84
46756,1,break_up,1.0,full,True,82.7
46861,-1,break_dn,-0.556,conflict,True,87.61
46884,-1,break_dn,-0.556,conflict,True,80.16
46909,1,break_up,0.556,partial,True,93.62
46952,1,break_up,0.556,partial,True,96.17
46992,-1,break_dn,-0.556,conflict,True,87.96
47053,1,break_up,0.556,partial,True,80.74
47104,1,break_up,0.556,partial,True,78.44
47219,1,break_up,1.0,full,True,83.07
47268,-1,break_dn,-1.0,conflict,True,83.16
47293,1,break_up,1.0,full,True,91.69
47302,1,break_up,1.0,full,True,85.47
47314,1,break_up,1.0,full,True,84.01
47356,1,break_up,1.0,full,True,76.42
47384,-1,break_dn,-1.0,conflict,True,78.17
47429,-1,break_dn,-1.0,conflict,True,77.02
47486,-1,break_dn,-0.556,conflict,True,67.67
47492,-1,break_dn,-0.556,conflict,True,81.31
47550,-1,break_dn,-0.222,conflict,True,74.36
47580,1,break_up,-0.111,conflict,True,93.86
47644,-1,break_dn,0.111,partial,True,94.03
47683,-1,break_dn,0.111,partial,True,80.25
47724,1,break_up,-0.111,conflict,True,82.52
47779,-1,break_dn,0.111,partial,True,85.6
47791,-1,break_dn,0.111,partial,True,87.23
47828,-1,break_dn,0.111,partial,True,63.53
47906,1,break_up,-0.111,conflict,True,91.27
47930,1,break_up,-0.111,conflict,True,78.55
47967,1,break_up,0.333,partial,True,75.28
48024,-1,break_dn,0.111,partial,True,70.93
48035,1,break_up,-0.111,conflict,True,79.53
48070,1,break_up,0.111,partial,True,81.21
48175,1,break_up,0.333,partial,True,82.45
48186,-1,break_dn,-0.333,conflict,True,76.18
48242,-1,break_dn,-0.333,conflict,True,70.38
48254,1,break_up,0.333,partial,True,93.19
48299,1,break_up,0.333,partial,True,95.84
48314,-1,break_dn,-0.333,conflict,True,92.91
48328,-1,break_dn,-0.333,conflict,True,79.15
48346,-1,break_dn,-0.333,conflict,True,70.63
48384,-1,break_dn,0.111,partial,True,88.12
48396,-1,break_dn,0.111,partial,True,73.95
48420,1,break_up,-0.111,conflict,True,92.1
48452,-1,break_dn,-0.111,conflict,True,94.9
48504,1,break_up,-0.111,conflict,True,88.67
48520,1,break_up,-0.111,conflict,True,90.45
48587,1,break_up,0.667,partial,True,74.79
48614,1,break_up,0.667,partial,True,97.15
48630,-1,break_dn,-0.667,conflict,True,86.05
48638,-1,break_dn,-0.667,conflict,True,99.74
48680,1,break_up,0.667,partial,True,91.52
48695,1,break_up,1.0,full,True,79.21
48721,1,break_up,1.0,full,True,96.08
48752,1,break_up,1.0,full,True,94.75
48756,1,break_up,1.0,full,True,83.05
48878,-1,break_dn,-0.556,conflict,True,77.0
48883,-1,break_dn,-0.556,conflict,True,78.6
48960,1,break_up,0.556,partial,True,72.51
48993,-1,break_dn,-0.222,conflict,True,81.19
49015,1,break_up,0.222,partial,True,73.24
49032,-1,break_dn,-0.222,conflict,True,74.11
49047,1,break_up,0.222,partial,True,90.21
49062,1,break_up,0.222,partial,True,77.35
49083,1,break_up,0.444,partial,True,96.5
49113,1,break_up,0.667,partial,True,79.97
49118,1,break_up,0.667,partial,True,89.02
49179,1,break_up,1.0,full,True,74.91
49193,1,break_up,1.0,full,True,83.98
49270,-1,break_dn,-1.0,conflict,True,78.54
49305,1,break_up,1.0,full,True,74.79
49348,1,break_up,1.0,full,True,80.06
49367,-1,break_dn,-1.0,conflict,True,81.65
49419,-1,break_dn,-1.0,conflict,True,93.59
49457,1,break_up,1.0,full,True,82.82
49480,1,break_up,1.0,full,True,93.84
49497,1,break_up,1.0,full,True,80.37
49557,1,break_up,1.0,full,True,78.87
49599,-1,break_dn,-1.0,conflict,True,68.72
49660,1,break_up,1.0,full,True,91.03
49740,1,break_up,1.0,full,True,84.01
49791,1,break_up,1.0,full,True,72.82
49806,1,break_up,1.0,full,True,96.14
49824,-1,break_dn,-1.0,conflict,True,93.0
49862,1,break_up,1.0,full,True,74.04
49879,1,break_up,1.0,full,True,70.95
49890,-1,break_dn,-1.0,conflict,True,86.66
49949,1,break_up,1.0,full,True,79.78
50026,1,break_up,1.0,full,True,97.1
50033,1,break_up,1.0,full,True,73.9
50066,1,break_up,1.0,full,True,94.68
50105,1,break_up,1.0,full,True,81.77
50157,-1,break_dn,-1.0,conflict,True,73.69
50193,1,break_up,1.0,full,True,73.62
50241,-1,break_dn,-1.0,conflict,True,82.56
50248,-1,break_dn,-1.0,conflict,True,86.56
50314,1,break_up,0.778,partial,True,97.76
50337,1,break_up,1.0,full,True,77.87
50359,-1,break_dn,-0.778,conflict,True,75.92
50369,-1,break_dn,-0.778,conflict,True,84.12
50422,1,break_up,0.556,partial,True,77.51
50457,-1,break_dn,-0.556,conflict,True,81.39
50471,-1,break_dn,-0.556,conflict,True,81.92
50494,-1,break_dn,-0.556,conflict,True,68.28
50518,1,break_up,0.556,partial,True,74.61
50532,-1,break_dn,-0.556,conflict,True,79.11
50543,1,break_up,0.556,partial,True,81.68
50585,-1,break_dn,-0.556,conflict,True,76.34
50631,1,break_up,0.556,partial,True,95.61
50643,1,break_up,0.556,partial,True,87.41
50657,-1,break_dn,-0.556,conflict,True,91.28
50701,-1,break_dn,0.111,partial,True,71.53
50741,-1,break_dn,0.111,partial,True,71.4
50746,-1,break_dn,0.111,partial,True,77.32
50798,-1,break_dn,0.111,partial,True,78.62
50841,-1,break_dn,0.111,partial,True,82.2
50869,1,break_up,-0.111,conflict,True,82.75
50888,1,break_up,-0.111,conflict,True,72.43
50995,1,break_up,0.333,partial,True,64.38
51043,-1,break_dn,-0.333,conflict,True,88.96
51060,-1,break_dn,-0.333,conflict,True,69.8
51084,1,break_up,0.333,partial,True,91.26
51097,-1,break_dn,-0.333,conflict,True,88.48
51125,-1,break_dn,-0.111,conflict,True,74.14
51180,-1,break_dn,0.111,partial,True,92.08
51193,-1,break_dn,0.111,partial,True,65.87
51196,1,break_up,-0.111,conflict,True,80.85
51230,-1,break_dn,0.111,partial,True,77.23
51268,-1,break_dn,0.111,partial,True,75.01
51388,1,break_up,-0.111,conflict,True,79.41
51453,1,break_up,-0.111,conflict,True,83.53
51480,-1,break_dn,0.111,partial,True,78.82
51555,-1,break_dn,-0.111,conflict,True,85.45
51560,-1,break_dn,-0.111,conflict,True,75.07
51586,1,break_up,0.111,partial,True,95.35
51619,1,break_up,0.333,partial,True,82.83
51638,1,break_up,0.333,partial,True,80.57
51707,1,break_up,0.333,partial,True,82.11
51749,1,break_up,1.0,full,True,84.43
51781,1,break_up,1.0,full,True,84.01
51811,-1,break_dn,-1.0,conflict,True,77.68
51815,-1,break_dn,-1.0,conflict,True,76.89
51895,1,break_up,1.0,full,True,79.63
51903,-1,break_dn,-1.0,conflict,True,81.83
51980,-1,break_dn,-0.556,conflict,True,85.75
51992,-1,break_dn,-0.556,conflict,True,92.56
52015,-1,break_dn,-0.556,conflict,True,80.21
52032,-1,break_dn,-0.556,conflict,True,73.62
52068,-1,break_dn,-0.556,conflict,True,75.34
52089,-1,break_dn,-0.556,conflict,True,83.97
52128,-1,break_dn,-0.556,conflict,True,75.27
52152,1,break_up,0.556,partial,True,76.47
52209,1,break_up,1.0,full,True,72.41
52280,-1,break_dn,-1.0,conflict,True,94.65
52286,1,break_up,1.0,full,True,89.24
52374,-1,break_dn,-1.0,conflict,True,79.85
52444,1,break_up,1.0,full,True,84.26
52477,1,break_up,1.0,full,True,84.33
52516,1,break_up,1.0,full,True,93.52
52551,-1,break_dn,-1.0,conflict,True,77.02
52594,1,break_up,1.0,full,True,87.85
52641,1,break_up,1.0,full,True,80.03
52670,1,break_up,1.0,full,True,83.14
52697,1,break_up,1.0,full,True,67.14
52840,-1,break_dn,-0.556,conflict,True,81.78
52868,1,break_up,0.556,partial,True,92.71
52924,-1,break_dn,-0.556,conflict,True,72.42
52948,1,break_up,0.556,partial,True,93.45
52962,1,break_up,0.556,partial,True,82.22
52988,1,break_up,1.0,full,True,70.64
53055,-1,break_dn,-1.0,conflict,True,86.16
53111,-1,break_dn,-0.556,conflict,True,90.02
53132,-1,break_dn,-0.556,conflict,True,79.62
53192,-1,break_dn,0.111,partial,True,83.8
53215,1,break_up,-0.111,conflict,True,76.79
53226,1,break_up,-0.111,conflict,True,85.82
53280,-1,break_dn,0.111,partial,True,74.52
53394,-1,break_dn,0.111,partial,True,71.86
53417,1,break_up,-0.111,conflict,True,81.29
53431,1,break_up,-0.111,conflict,True,83.06
53470,1,break_up,0.111,partial,True,70.2
53515,1,break_up,0.333,partial,True,75.29
